"unit_name","province","google_criteria_id","google_name","google_canonical_name","google_target_type"
"A Coruña, A Coruña","A Coruña","9212542","A Coruna","A Coruna,Galicia,Spain","Municipality"
"A Estrada, Pontevedra","Pontevedra","9215077","A Estrada","A Estrada,Galicia,Spain","Municipality"
"A Fonsagrada, Lugo","Lugo","9215072","A Fonsagrada","A Fonsagrada,Galicia,Spain","Municipality"
"A Lama, Pontevedra","Pontevedra","9218074","A Lama","A Lama,Galicia,Spain","Municipality"
"A Laracha, A Coruña","A Coruña","9217126","A Laracha","A Laracha,Galicia,Spain","Municipality"
"A Pobra do Brollón, Lugo","Lugo","9219424","A Pobra do Brollon","A Pobra do Brollon,Galicia,Spain","Municipality"
"A Pobra do Caramiñal, A Coruña","A Coruña","9211551","A Pobra do Caraminal","A Pobra do Caraminal,Galicia,Spain","Municipality"
"A Veiga, Ourense","Ourense","9216667","A Veiga","A Veiga,Galicia,Spain","Municipality"
"Abegondo, A Coruña","A Coruña","9211455","Abegondo","Abegondo,Galicia,Spain","Municipality"
"Adeje, Santa Cruz de Tenerife","Santa Cruz de Tenerife","9048956","Adeje","Adeje,Canary Islands,Spain","City"
"Adra, Almería","Almería","9048957","Adra","Adra,Andalusia,Spain","City"
"Aguadulce, Sevilla","Sevilla","9048958","Aguadulce","Aguadulce,Andalusia,Spain","City"
"Aguilar de la Frontera, Córdoba","Córdoba","9257440","Aguilar de la Frontera","Aguilar de la Frontera,Andalusia,Spain","Municipality"
"Agullent, Valencia","Valencia","1005535","Agullent","Agullent,Valencian Community,Spain","City"
"Ajalvir, Madrid","Madrid","1005486","Ajalvir","Ajalvir,Community of Madrid,Spain","City"
"Alaior, Baleares","Baleares","9209628","Alaior","Alaior,Balearic Islands,Spain","Municipality"
"Alaquàs, Valencia","Valencia","9235468","Alaquas","Alaquas,Valencian Community,Spain","Municipality"
"Alaró, Baleares","Baleares","9211756","Alaro","Alaro,Balearic Islands,Spain","Municipality"
"Albacete, Albacete","Albacete","9212825","Municipality of Albacete","Municipality of Albacete,Castile-La Mancha,Spain","Municipality"
"Albal, Valencia","Valencia","9233578","Albal","Albal,Valencian Community,Spain","Municipality"
"Albalat dels Sorells, Valencia","Valencia","9250807","Albalat dels Sorells","Albalat dels Sorells,Valencian Community,Spain","Municipality"
"Albatera, Alicante","Alicante","9232058","Albatera","Albatera,Valencian Community,Spain","Municipality"
"Albinyana, Tarragona","Tarragona","9209915","Albinyana","Albinyana,Catalonia,Spain","Municipality"
"Alboraya, Valencia","Valencia","9048962","Alboraya","Alboraya,Valencian Community,Spain","City"
"Alburquerque, Badajoz","Badajoz","9048963","Alburquerque","Alburquerque,Extremadura,Spain","City"
"Alcalá de Guadaíra, Sevilla","Sevilla","9048964","Alcala de Guadaira","Alcala de Guadaira,Andalusia,Spain","City"
"Alcalá de Henares, Madrid","Madrid","1005487","Alcala de Henares","Alcala de Henares,Community of Madrid,Spain","City"
"Alcalá del Río, Sevilla","Sevilla","9218648","Alcala del Rio","Alcala del Rio,Andalusia,Spain","Municipality"
"Alcalá la Real, Jaén","Jaén","1005406","Alcala la Real","Alcala la Real,Andalusia,Spain","City"
"Alcantarilla, Murcia","Murcia","9048966","Alcantarilla","Alcantarilla,Region of Murcia,Spain","City"
"Alcañiz, Teruel","Teruel","9048965","Alcaniz","Alcaniz,Aragon,Spain","City"
"Alcobendas, Madrid","Madrid","1005488","Alcobendas","Alcobendas,Community of Madrid,Spain","City"
"Alcolea del Pinar, Guadalajara","Guadalajara","9222774","Alcolea del Pinar","Alcolea del Pinar,Castile-La Mancha,Spain","Municipality"
"Alcorcón, Madrid","Madrid","9248073","Alcorcon","Alcorcon,Community of Madrid,Spain","Municipality"
"Alcover, Tarragona","Tarragona","9211565","Alcover","Alcover,Catalonia,Spain","Municipality"
"Alcàsser, Valencia","Valencia","9243147","Alcasser","Alcasser,Valencian Community,Spain","Municipality"
"Alcázar de San Juan, Ciudad Real","Ciudad Real","9048967","Alcazar de San Juan","Alcazar de San Juan,Castile-La Mancha,Spain","City"
"Alcóntar, Almería","Almería","9219347","Alcontar","Alcontar,Andalusia,Spain","Municipality"
"Alcúdia, Baleares","Baleares","9207155","Alcudia","Alcudia,Balearic Islands,Spain","Municipality"
"Aldaia, Valencia","Valencia","9247183","Aldaia","Aldaia,Valencian Community,Spain","City"
"Alfafar, Valencia","Valencia","9256364","Alfafar","Alfafar,Valencian Community,Spain","Municipality"
"Alfaro, La Rioja","La Rioja","9048969","Alfaro","Alfaro,La Rioja,Spain","City"
"Algaida, Baleares","Baleares","9212004","Algaida","Algaida,Balearic Islands,Spain","Municipality"
"Algeciras, Cádiz","Cádiz","1005443","Algeciras","Algeciras,Andalusia,Spain","City"
"Algemesí, Valencia","Valencia","9249465","Algemesi","Algemesi,Valencian Community,Spain","Municipality"
"Algete, Madrid","Madrid","9048971","Algete","Algete,Community of Madrid,Spain","City"
"Alginet, Valencia","Valencia","9048972","Alginet","Alginet,Valencian Community,Spain","City"
"Alhama de Murcia, Murcia","Murcia","9214530","Alhama de Murcia","Alhama de Murcia,Region of Murcia,Spain","Municipality"
"Alhaurín de la Torre, Málaga","Málaga","9048974","Alhaurin de la Torre","Alhaurin de la Torre,Andalusia,Spain","City"
"Alhaurín el Grande, Málaga","Málaga","9048975","Alhaurin el Grande","Alhaurin el Grande,Andalusia,Spain","City"
"Alhendín, Granada","Granada","9242051","Alhendin","Alhendin,Andalusia,Spain","Municipality"
"Aliaga, Teruel","Teruel","9215953","Aliaga","Aliaga,Aragon,Spain","Municipality"
"Alicante, Alicante","Alicante","9221630","Municipality of Alicante","Municipality of Alicante,Valencian Community,Spain","Municipality"
"Alió, Tarragona","Tarragona","9213655","Alio","Alio,Catalonia,Spain","Municipality"
"Aljaraque, Huelva","Huelva","9220010","Aljaraque","Aljaraque,Andalusia,Spain","Municipality"
"Aller, Asturias","Asturias","9212023","Aller","Aller,Asturias,Spain","Municipality"
"Almagro, Ciudad Real","Ciudad Real","9214073","Almagro","Almagro,Castile-La Mancha,Spain","Municipality"
"Almansa, Albacete","Albacete","9048976","Almansa","Almansa,Castile-La Mancha,Spain","City"
"Almenara, Castellón","Castellón","9221675","Almenara","Almenara,Valencian Community,Spain","Municipality"
"Almendralejo, Badajoz","Badajoz","9048977","Almendralejo","Almendralejo,Extremadura,Spain","City"
"Almería, Almería","Almería","9214022","Municipality of Almeria","Municipality of Almeria,Andalusia,Spain","Municipality"
"Almonaster la Real, Huelva","Huelva","9216587","Almonaster la Real","Almonaster la Real,Andalusia,Spain","Municipality"
"Almonte, Huelva","Huelva","9048978","Almonte","Almonte,Andalusia,Spain","City"
"Almoradí, Alicante","Alicante","9228011","Almoradi","Almoradi,Valencian Community,Spain","Municipality"
"Almussafes, Valencia","Valencia","9250409","Almussafes","Almussafes,Valencian Community,Spain","Municipality"
"Almuñécar, Granada","Granada","9250734","Almunecar","Almunecar,Andalusia,Spain","Municipality"
"Alpedrete, Madrid","Madrid","9253181","Alpedrete","Alpedrete,Community of Madrid,Spain","City"
"Alpicat, Lleida","Lleida","9234088","Alpicat","Alpicat,Catalonia,Spain","Municipality"
"Altafulla, Tarragona","Tarragona","9208739","Altafulla","Altafulla,Catalonia,Spain","Municipality"
"Altea, Alicante","Alicante","9048980","Altea","Altea,Valencian Community,Spain","City"
"Alzira, Valencia","Valencia","9048981","Alzira","Alzira,Valencian Community,Spain","City"
"Ames, A Coruña","A Coruña","9211638","Ames","Ames,Galicia,Spain","Municipality"
"Amorebieta-Etxano, Vizcaya","Vizcaya","9214529","Amorebieta-Etxano","Amorebieta-Etxano,Basque Country,Spain","Municipality"
"Amposta, Tarragona","Tarragona","9220842","Amposta","Amposta,Catalonia,Spain","Municipality"
"Amurrio, Álava","Álava","9216537","Amurrio","Amurrio,Basque Country,Spain","Municipality"
"Andoain, Guipúzcoa","Guipúzcoa","9258100","Andoain","Andoain,Basque Country,Spain","Municipality"
"Andratx, Baleares","Baleares","9220433","Andratx","Andratx,Balearic Islands,Spain","Municipality"
"Andújar, Jaén","Jaén","9048985","Andujar","Andujar,Andalusia,Spain","City"
"Anglès, Girona","Girona","9243882","Angles","Angles,Catalonia,Spain","Municipality"
"Antas de Ulla, Lugo","Lugo","9210369","Antas de Ulla","Antas de Ulla,Galicia,Spain","Municipality"
"Antequera, Málaga","Málaga","9196308","Antequera","Antequera,Andalusia,Spain","City"
"Arahal, Sevilla","Sevilla","9261372","Arahal","Arahal,Andalusia,Spain","Municipality"
"Aranda de Duero, Burgos","Burgos","1005448","Aranda de Duero","Aranda de Duero,Castile and Leon,Spain","City"
"Aranjuez, Madrid","Madrid","9048987","Aranjuez","Aranjuez,Community of Madrid,Spain","City"
"Arboleas, Almería","Almería","9048988","Arboleas","Arboleas,Andalusia,Spain","City"
"Archena, Murcia","Murcia","9048989","Archena","Archena,Region of Murcia,Spain","City"
"Arcos de la Frontera, Cádiz","Cádiz","9048990","Arcos de la Frontera","Arcos de la Frontera,Andalusia,Spain","City"
"Arenas de Iguña, Cantabria","Cantabria","9216474","Arenas de Iguna","Arenas de Iguna,Cantabria,Spain","Municipality"
"Arenys de Mar, Barcelona","Barcelona","9197283","Arenys de Mar","Arenys de Mar,Catalonia,Spain","City"
"Arganda del Rey, Madrid","Madrid","9048991","Arganda del Rey","Arganda del Rey,Community of Madrid,Spain","City"
"Ariany, Baleares","Baleares","9221284","Ariany","Ariany,Balearic Islands,Spain","Municipality"
"Armilla, Granada","Granada","9238021","Armilla","Armilla,Andalusia,Spain","Municipality"
"Arnedo, La Rioja","La Rioja","1005484","Arnedo","Arnedo,La Rioja,Spain","City"
"Arona, Santa Cruz de Tenerife","Santa Cruz de Tenerife","1005461","Arona","Arona,Canary Islands,Spain","City"
"Arratzu, Vizcaya","Vizcaya","9219388","Arratzu","Arratzu,Basque Country,Spain","Municipality"
"Arrecife, Las Palmas","Las Palmas","9048993","Arrecife","Arrecife,Canary Islands,Spain","City"
"Arrigorriaga, Vizcaya","Vizcaya","9214726","Arrigorriaga","Arrigorriaga,Basque Country,Spain","Municipality"
"Arroyo de la Encomienda, Valladolid","Valladolid","9221301","Arroyo de la Encomienda","Arroyo de la Encomienda,Castile and Leon,Spain","City"
"Arroyomolinos, Madrid","Madrid","9214217","Arroyomolinos","Arroyomolinos,Community of Madrid,Spain","Municipality"
"Arteixo, A Coruña","A Coruña","9212078","Municipality of Arteixo","Municipality of Arteixo,Galicia,Spain","Municipality"
"Artà, Baleares","Baleares","9221831","Arta","Arta,Balearic Islands,Spain","Municipality"
"Artés, Barcelona","Barcelona","9230828","Artes","Artes,Catalonia,Spain","Municipality"
"Arzúa, A Coruña","A Coruña","9218762","Arzua","Arzua,Galicia,Spain","Municipality"
"Arévalo, Ávila","Ávila","9248740","Arevalo","Arevalo,Castile and Leon,Spain","Municipality"
"As Neves, Pontevedra","Pontevedra","9217656","As Neves","As Neves,Galicia,Spain","Municipality"
"As Pontes de García Rodríguez, A Coruña","A Coruña","9209175","As Pontes de Garcia Rodriguez","As Pontes de Garcia Rodriguez,Galicia,Spain","Municipality"
"As Somozas, A Coruña","A Coruña","9216268","As Somozas","As Somozas,Galicia,Spain","Municipality"
"Aspe, Alicante","Alicante","9236628","Aspe","Aspe,Valencian Community,Spain","Municipality"
"Astorga, León","León","9244973","Astorga","Astorga,Castile and Leon,Spain","City"
"Atarfe, Granada","Granada","9048996","Atarfe","Atarfe,Andalusia,Spain","City"
"Avilés, Asturias","Asturias","9220565","Aviles","Aviles,Asturias,Spain","Municipality"
"Avià, Barcelona","Barcelona","9220096","Avia","Avia,Catalonia,Spain","Municipality"
"Azkoitia, Guipúzcoa","Guipúzcoa","9211250","Azkoitia","Azkoitia,Basque Country,Spain","Municipality"
"Azpeitia, Guipúzcoa","Guipúzcoa","9048997","Azpeitia","Azpeitia,Basque Country,Spain","City"
"Azuqueca de Henares, Guadalajara","Guadalajara","9048998","Azuqueca de Henares","Azuqueca de Henares,Castile-La Mancha,Spain","City"
"Badajoz, Badajoz","Badajoz","9215308","Badajoz","Badajoz,Extremadura,Spain","Municipality"
"Badalona, Barcelona","Barcelona","9214647","Badalona","Badalona,Catalonia,Spain","Municipality"
"Baena, Córdoba","Córdoba","9048999","Baena","Baena,Andalusia,Spain","City"
"Baeza, Jaén","Jaén","9049000","Baeza","Baeza,Andalusia,Spain","City"
"Bailén, Jaén","Jaén","9049001","Bailen","Bailen,Andalusia,Spain","City"
"Baiona, Pontevedra","Pontevedra","9238255","Baiona","Baiona,Galicia,Spain","Municipality"
"Balaguer, Lleida","Lleida","9232979","Balaguer","Balaguer,Catalonia,Spain","Municipality"
"Balenyà, Barcelona","Barcelona","9250660","Balenya","Balenya,Catalonia,Spain","Municipality"
"Balsa de Ves, Albacete","Albacete","9212675","Balsa de Ves","Balsa de Ves,Castile-La Mancha,Spain","Municipality"
"Banyalbufar, Baleares","Baleares","9218330","Banyalbufar","Banyalbufar,Balearic Islands,Spain","Municipality"
"Banyoles, Girona","Girona","9218947","Banyoles","Banyoles,Catalonia,Spain","City"
"Barakaldo, Vizcaya","Vizcaya","9211235","Barakaldo","Barakaldo,Basque Country,Spain","Municipality"
"Barbastro, Huesca","Huesca","9049002","Barbastro","Barbastro,Aragon,Spain","City"
"Barbate, Cádiz","Cádiz","9049003","Barbate","Barbate,Andalusia,Spain","City"
"Barberà del Vallès, Barcelona","Barcelona","9236476","Municipality of Barbera del Valles","Municipality of Barbera del Valles,Catalonia,Spain","Municipality"
"Barcelona, Barcelona","Barcelona","9214622","Barcelona","Barcelona,Catalonia,Spain","Municipality"
"Basauri, Vizcaya","Vizcaya","9049004","Basauri","Basauri,Basque Country,Spain","City"
"Baza, Granada","Granada","9049005","Baza","Baza,Andalusia,Spain","City"
"Beasain, Guipúzcoa","Guipúzcoa","9049006","Beasain","Beasain,Basque Country,Spain","City"
"Becerreá, Lugo","Lugo","9213733","Becerrea","Becerrea,Galicia,Spain","Municipality"
"Begues, Barcelona","Barcelona","9226302","Begues","Begues,Catalonia,Spain","City"
"Belmonte de Miranda, Asturias","Asturias","9208820","Belmonte de Miranda","Belmonte de Miranda,Asturias,Spain","Municipality"
"Benaguasil, Valencia","Valencia","9049008","Benaguasil","Benaguasil,Valencian Community,Spain","City"
"Benalmádena, Málaga","Málaga","9208148","Municipality of Benalmadena","Municipality of Benalmadena,Andalusia,Spain","Municipality"
"Benalup-Casas Viejas, Cádiz","Cádiz","9248484","Benalup-Casas Viejas","Benalup-Casas Viejas,Andalusia,Spain","Municipality"
"Benamaurel, Granada","Granada","9213976","Benamaurel","Benamaurel,Andalusia,Spain","Municipality"
"Benavente, Zamora","Zamora","9049009","Benavente","Benavente,Castile and Leon,Spain","City"
"Benicarló, Castellón","Castellón","9049010","Benicarlo","Benicarlo,Valencian Community,Spain","City"
"Benidorm, Alicante","Alicante","1005403","Benidorm","Benidorm,Valencian Community,Spain","City"
"Beniparrell, Valencia","Valencia","1005536","Beniparrell","Beniparrell,Valencian Community,Spain","City"
"Benissa, Alicante","Alicante","9224718","Benissa","Benissa,Valencian Community,Spain","Municipality"
"Berga, Barcelona","Barcelona","1005425","Berga","Berga,Catalonia,Spain","City"
"Bergara, Guipúzcoa","Guipúzcoa","9217508","Bergara","Bergara,Basque Country,Spain","Municipality"
"Bermeo, Vizcaya","Vizcaya","1005439","Bermeo","Bermeo,Basque Country,Spain","City"
"Bernedo, Álava","Álava","9215608","Bernedo","Bernedo,Basque Country,Spain","Municipality"
"Besalú, Girona","Girona","9252414","Besalu","Besalu,Catalonia,Spain","Municipality"
"Betanzos, A Coruña","A Coruña","9221228","Betanzos","Betanzos,Galicia,Spain","Municipality"
"Bilbao, Vizcaya","Vizcaya","9221687","Bilbao","Bilbao,Basque Country,Spain","Municipality"
"Bimenes, Asturias","Asturias","9208018","Bimenes","Bimenes,Asturias,Spain","Municipality"
"Binissalem, Baleares","Baleares","9208990","Binissalem","Binissalem,Balearic Islands,Spain","Municipality"
"Binéfar, Huesca","Huesca","9226170","Binefar","Binefar,Aragon,Spain","Municipality"
"Blanes, Girona","Girona","9197355","Blanes","Blanes,Catalonia,Spain","City"
"Boadilla del Monte, Madrid","Madrid","9215230","Municipality of Boadilla del Monte","Municipality of Boadilla del Monte,Community of Madrid,Spain","Municipality"
"Boiro, A Coruña","A Coruña","9219534","Boiro","Boiro,Galicia,Spain","Municipality"
"Bolaños de Calatrava, Ciudad Real","Ciudad Real","9247012","Bolanos de Calatrava","Bolanos de Calatrava,Castile-La Mancha,Spain","Municipality"
"Bollullos Par del Condado, Huelva","Huelva","9049014","Bollullos Par del Condado","Bollullos Par del Condado,Andalusia,Spain","City"
"Bormujos, Sevilla","Sevilla","9221526","Bormujos","Bormujos,Andalusia,Spain","Municipality"
"Brenes, Sevilla","Sevilla","1005408","Brenes","Brenes,Andalusia,Spain","City"
"Brunete, Madrid","Madrid","9213629","Brunete","Brunete,Community of Madrid,Spain","Municipality"
"Bràfim, Tarragona","Tarragona","9219101","Brafim","Brafim,Catalonia,Spain","Municipality"
"Buitrago del Lozoya, Madrid","Madrid","9237298","Buitrago del Lozoya","Buitrago del Lozoya,Community of Madrid,Spain","Municipality"
"Bullas, Murcia","Murcia","9049015","Bullas","Bullas,Region of Murcia,Spain","City"
"Bunyola, Baleares","Baleares","9209957","Bunyola","Bunyola,Balearic Islands,Spain","Municipality"
"Burela, Lugo","Lugo","9261521","Burela","Burela,Galicia,Spain","Municipality"
"Burgos, Burgos","Burgos","9218585","Municipality of Burgos","Municipality of Burgos,Castile and Leon,Spain","Municipality"
"Burguillos del Cerro, Badajoz","Badajoz","9219901","Burguillos del Cerro","Burguillos del Cerro,Extremadura,Spain","Municipality"
"Burguillos, Sevilla","Sevilla","9212568","Burguillos","Burguillos,Andalusia,Spain","Municipality"
"Burjassot, Valencia","Valencia","9191429","Municipality of Burjassot","Municipality of Burjassot,Valencian Community,Spain","Municipality"
"Busot, Alicante","Alicante","9227084","Busot","Busot,Valencian Community,Spain","Municipality"
"Buñol, Valencia","Valencia","1005537","Bunol","Bunol,Valencian Community,Spain","City"
"Bárcena de Cicero, Cantabria","Cantabria","9220015","Barcena de Cicero","Barcena de Cicero,Cantabria,Spain","Municipality"
"Béjar, Salamanca","Salamanca","9049007","Bejar","Bejar,Castile and Leon,Spain","City"
"Bétera, Valencia","Valencia","9221126","Municipality of Betera","Municipality of Betera,Valencian Community,Spain","Municipality"
"Búger, Baleares","Baleares","9217930","Buger","Buger,Balearic Islands,Spain","Municipality"
"Cabana de Bergantiños, A Coruña","A Coruña","9212602","Cabana de Bergantinos","Cabana de Bergantinos,Galicia,Spain","Municipality"
"Cabra, Córdoba","Córdoba","9238240","Cabra","Cabra,Andalusia,Spain","Municipality"
"Cabrera de Mar, Barcelona","Barcelona","9250577","Cabrera de Mar","Cabrera de Mar,Catalonia,Spain","City"
"Cabrils, Barcelona","Barcelona","9237029","Cabrils","Cabrils,Catalonia,Spain","City"
"Calahorra, La Rioja","La Rioja","9049018","Calahorra","Calahorra,La Rioja,Spain","City"
"Calasparra, Murcia","Murcia","9049019","Calasparra","Calasparra,Region of Murcia,Spain","City"
"Caldes de Montbui, Barcelona","Barcelona","9223724","Caldes de Montbui","Caldes de Montbui,Catalonia,Spain","Municipality"
"Calella, Barcelona","Barcelona","9195730","Calella","Calella,Catalonia,Spain","City"
"Callosa de Segura, Alicante","Alicante","9049021","Callosa de Segura","Callosa de Segura,Valencian Community,Spain","City"
"Calvià, Baleares","Baleares","9214701","Calvia","Calvia,Balearic Islands,Spain","Municipality"
"Camaleño, Cantabria","Cantabria","9215701","Camaleno","Camaleno,Cantabria,Spain","Municipality"
"Camargo, Cantabria","Cantabria","1005524","Camargo","Camargo,Cantabria,Spain","Municipality"
"Camarma de Esteruelas, Madrid","Madrid","9238129","Camarma de Esteruelas","Camarma de Esteruelas,Community of Madrid,Spain","Municipality"
"Camas, Sevilla","Sevilla","9231373","Municipality of Camas","Municipality of Camas,Andalusia,Spain","Municipality"
"Cambados, Pontevedra","Pontevedra","9234627","Cambados","Cambados,Galicia,Spain","Municipality"
"Cambre, A Coruña","A Coruña","9218356","Cambre","Cambre,Galicia,Spain","Municipality"
"Cambrils, Tarragona","Tarragona","9197598","Cambrils","Cambrils,Catalonia,Spain","City"
"Campanet, Baleares","Baleares","9216530","Campanet","Campanet,Balearic Islands,Spain","Municipality"
"Campo Lameiro, Pontevedra","Pontevedra","9217131","Campo Lameiro","Campo Lameiro,Galicia,Spain","Municipality"
"Campoo de Yuso, Cantabria","Cantabria","9221447","Campoo de Yuso","Campoo de Yuso,Cantabria,Spain","Municipality"
"Campos, Baleares","Baleares","9220218","Campos","Campos,Balearic Islands,Spain","Municipality"
"Canals, Valencia","Valencia","9049023","Canals","Canals,Valencian Community,Spain","City"
"Canet d'En Berenguer, Valencia","Valencia","9252494","Canet d'en Berenguer","Canet d'en Berenguer,Valencian Community,Spain","Municipality"
"Canet de Mar, Barcelona","Barcelona","9243445","Canet de Mar","Canet de Mar,Catalonia,Spain","Municipality"
"Cangas de Onís, Asturias","Asturias","9249609","Cangas de Onis","Cangas de Onis,Asturias,Spain","Municipality"
"Cangas del Narcea, Asturias","Asturias","9217931","Cangas del Narcea","Cangas del Narcea,Asturias,Spain","Municipality"
"Cangas, Pontevedra","Pontevedra","9225981","Cangas","Cangas,Galicia,Spain","Municipality"
"Caniles, Granada","Granada","9210671","Caniles","Caniles,Andalusia,Spain","Municipality"
"Cantillana, Sevilla","Sevilla","9213605","Cantillana","Cantillana,Andalusia,Spain","Municipality"
"Canyelles, Barcelona","Barcelona","9211120","Canyelles","Canyelles,Catalonia,Spain","Municipality"
"Capdepera, Baleares","Baleares","9217567","Capdepera","Capdepera,Balearic Islands,Spain","Municipality"
"Caravaca de la Cruz, Murcia","Murcia","9210965","Caravaca de la Cruz","Caravaca de la Cruz,Region of Murcia,Spain","City"
"Carballedo, Lugo","Lugo","9221319","Carballedo","Carballedo,Galicia,Spain","Municipality"
"Carballo, A Coruña","A Coruña","9216329","Carballo","Carballo,Galicia,Spain","Municipality"
"Carcaixent, Valencia","Valencia","9049024","Carcaixent","Carcaixent,Valencian Community,Spain","City"
"Cardedeu, Barcelona","Barcelona","9256314","Cardedeu","Cardedeu,Catalonia,Spain","Municipality"
"Carlet, Valencia","Valencia","9049026","Carlet","Carlet,Valencian Community,Spain","City"
"Carmona, Sevilla","Sevilla","9049027","Carmona","Carmona,Andalusia,Spain","City"
"Cartagena, Murcia","Murcia","9215883","Municipality of Cartagena","Municipality of Cartagena,Region of Murcia,Spain","Municipality"
"Cartaya, Huelva","Huelva","1005409","Cartaya","Cartaya,Andalusia,Spain","City"
"Cartelle, Ourense","Ourense","9208754","Cartelle","Cartelle,Galicia,Spain","Municipality"
"Casariche, Sevilla","Sevilla","9049028","Casariche","Casariche,Andalusia,Spain","City"
"Casasimarro, Cuenca","Cuenca","9049029","Casasimarro","Casasimarro,Castile-La Mancha,Spain","City"
"Cassà de la Selva, Girona","Girona","9233141","Cassa de la Selva","Cassa de la Selva,Catalonia,Spain","Municipality"
"Castalla, Alicante","Alicante","9049030","Castalla","Castalla,Valencian Community,Spain","City"
"Castell-Platja d'Aro, Girona","Girona","9246276","Castell-Platja d'Aro","Castell-Platja d'Aro,Catalonia,Spain","Municipality"
"Castellar del Vallès, Barcelona","Barcelona","9196033","Castellar del Valles","Castellar del Valles,Catalonia,Spain","City"
"Castellbisbal, Barcelona","Barcelona","9255067","Castellbisbal","Castellbisbal,Catalonia,Spain","Municipality"
"Castelldefels, Barcelona","Barcelona","9196696","Castelldefels","Castelldefels,Catalonia,Spain","City"
"Castellvell del Camp, Tarragona","Tarragona","9208515","Castellvell del Camp","Castellvell del Camp,Catalonia,Spain","Municipality"
"Castellón de la Plana, Castellón","Castellón","1005539","Castello de la Plana","Castello de la Plana,Valencian Community,Spain","City"
"Castrillón, Asturias","Asturias","9255748","Castrillon","Castrillon,Asturias,Spain","Municipality"
"Castro-Urdiales, Cantabria","Cantabria","9049031","Castro Urdiales","Castro Urdiales,Cantabria,Spain","City"
"Castroverde, Lugo","Lugo","9211068","Castroverde","Castroverde,Galicia,Spain","Municipality"
"Catarroja, Valencia","Valencia","9207786","Catarroja","Catarroja,Valencian Community,Spain","Municipality"
"Catral, Alicante","Alicante","9261382","Catral","Catral,Valencian Community,Spain","Municipality"
"Caudete, Albacete","Albacete","9223774","Caudete","Caudete,Castile-La Mancha,Spain","Municipality"
"Cazorla, Jaén","Jaén","9049033","Cazorla","Cazorla,Andalusia,Spain","City"
"Cebanico, León","León","9209134","Cebanico","Cebanico,Castile and Leon,Spain","Municipality"
"Cehegín, Murcia","Murcia","9049034","Cehegin","Cehegin,Region of Murcia,Spain","City"
"Celrà, Girona","Girona","9257672","Celra","Celra,Catalonia,Spain","City"
"Cercedilla, Madrid","Madrid","9231888","Cercedilla","Cercedilla,Community of Madrid,Spain","City"
"Cerdanyola del Vallès, Barcelona","Barcelona","9195687","Cerdanyola del Valles","Cerdanyola del Valles,Catalonia,Spain","City"
"Cervelló, Barcelona","Barcelona","9211969","Cervello","Cervello,Catalonia,Spain","Municipality"
"Ceuta, Ceuta","Ceuta","1005447","Ceuta","Ceuta,Ceuta,Spain","City"
"Ceutí, Murcia","Murcia","9049035","Ceuti","Ceuti,Region of Murcia,Spain","City"
"Chandrexa de Queixa, Ourense","Ourense","9221142","Chandrexa de Queixa","Chandrexa de Queixa,Galicia,Spain","Municipality"
"Chantada, Lugo","Lugo","9221610","Chantada","Chantada,Galicia,Spain","Municipality"
"Chauchina, Granada","Granada","9261809","Chauchina","Chauchina,Andalusia,Spain","Municipality"
"Chiclana de la Frontera, Cádiz","Cádiz","9049036","Chiclana de la Frontera","Chiclana de la Frontera,Andalusia,Spain","City"
"Chipiona, Cádiz","Cádiz","9049037","Chipiona","Chipiona,Andalusia,Spain","City"
"Chiva, Valencia","Valencia","9208088","Chiva","Chiva,Valencian Community,Spain","Municipality"
"Churriana de la Vega, Granada","Granada","9241899","Churriana de la Vega","Churriana de la Vega,Andalusia,Spain","Municipality"
"Ciempozuelos, Madrid","Madrid","9221247","Ciempozuelos","Ciempozuelos,Community of Madrid,Spain","Municipality"
"Cieza, Murcia","Murcia","9049038","Cieza","Cieza,Region of Murcia,Spain","City"
"Ciudad Real, Ciudad Real","Ciudad Real","1005456","Ciudad Real","Ciudad Real,Ciudad Real,Castile-La Mancha,Spain","City"
"Ciudad Rodrigo, Salamanca","Salamanca","9049041","Ciudad Rodrigo","Ciudad Rodrigo,Castile and Leon,Spain","City"
"Ciutadella de Menorca, Baleares","Baleares","9207479","Ciutadella de Menorca","Ciutadella de Menorca,Balearic Islands,Spain","Municipality"
"Cocentaina, Alicante","Alicante","9217429","Cocentaina","Cocentaina,Valencian Community,Spain","Municipality"
"Colindres, Cantabria","Cantabria","9234171","Colindres","Colindres,Cantabria,Spain","Municipality"
"Collado Villalba, Madrid","Madrid","9195829","Collado Villalba","Collado Villalba,Community of Madrid,Spain","City"
"Colmenar Viejo, Madrid","Madrid","9049044","Colmenar Viejo","Colmenar Viejo,Community of Madrid,Spain","City"
"Colmenarejo, Madrid","Madrid","9249466","Colmenarejo","Colmenarejo,Community of Madrid,Spain","City"
"Comillas, Cantabria","Cantabria","9207313","Comillas","Comillas,Cantabria,Spain","Municipality"
"Conil de la Frontera, Cádiz","Cádiz","9049045","Conil de la Frontera","Conil de la Frontera,Andalusia,Spain","City"
"Consell, Baleares","Baleares","9221282","Consell","Consell,Balearic Islands,Spain","Municipality"
"Constantina, Sevilla","Sevilla","1005410","Constantina","Constantina,Andalusia,Spain","City"
"Constantí, Tarragona","Tarragona","9207472","Constanti","Constanti,Catalonia,Spain","Municipality"
"Consuegra, Toledo","Toledo","9236936","Consuegra","Consuegra,Castile-La Mancha,Spain","Municipality"
"Corbera de Llobregat, Barcelona","Barcelona","9239025","Corbera de Llobregat","Corbera de Llobregat,Catalonia,Spain","Municipality"
"Coria del Río, Sevilla","Sevilla","9246681","Coria del Rio","Coria del Rio,Andalusia,Spain","Municipality"
"Cornellà de Llobregat, Barcelona","Barcelona","9197251","Cornella de Llobregat","Cornella de Llobregat,Catalonia,Spain","City"
"Cortes de Baza, Granada","Granada","9215100","Cortes de Baza","Cortes de Baza,Andalusia,Spain","Municipality"
"Cortes y Graena, Granada","Granada","9221473","Cortes y Graena","Cortes y Graena,Andalusia,Spain","Municipality"
"Coslada, Madrid","Madrid","9262043","Municipality of Coslada","Municipality of Coslada,Community of Madrid,Spain","Municipality"
"Costitx, Baleares","Baleares","9211182","Costitx","Costitx,Balearic Islands,Spain","Municipality"
"Cox, Alicante","Alicante","9230552","Cox","Cox,Valencian Community,Spain","Municipality"
"Coín, Málaga","Málaga","9049042","Coin","Coin,Andalusia,Spain","City"
"Creixell, Tarragona","Tarragona","9212737","Creixell","Creixell,Catalonia,Spain","Municipality"
"Crevillent, Alicante","Alicante","9261954","Crevillent","Crevillent,Valencian Community,Spain","Municipality"
"Cuarte de Huerva, Zaragoza","Zaragoza","9234654","Cuarte de Huerva","Cuarte de Huerva,Aragon,Spain","Municipality"
"Cubelles, Barcelona","Barcelona","9263046","Cubelles","Cubelles,Catalonia,Spain","Municipality"
"Cudillero, Asturias","Asturias","9211549","Cudillero","Cudillero,Asturias,Spain","Municipality"
"Cuenca, Cuenca","Cuenca","1005457","Cuenca","Cuenca,Castile-La Mancha,Spain","City"
"Cullera, Valencia","Valencia","1005541","Cullera","Cullera,Valencian Community,Spain","City"
"Culleredo, A Coruña","A Coruña","9256524","Culleredo","Culleredo,Galicia,Spain","Municipality"
"Cunit, Tarragona","Tarragona","9218990","Cunit","Cunit,Catalonia,Spain","City"
"Cuntis, Pontevedra","Pontevedra","9214634","Cuntis","Cuntis,Galicia,Spain","Municipality"
"Curtis, A Coruña","A Coruña","9215232","Curtis","Curtis,Galicia,Spain","Municipality"
"Cuéllar, Segovia","Segovia","9258166","Cuellar","Cuellar,Castile and Leon,Spain","City"
"Cáceres, Cáceres","Cáceres","9211934","Caceres","Caceres,Extremadura,Spain","Municipality"
"Cádiz, Cádiz","Cádiz","9209506","Cadiz","Cadiz,Andalusia,Spain","Municipality"
"Córdoba, Córdoba","Córdoba","9211959","Cordoba","Cordoba,Andalusia,Spain","Municipality"
"Cúllar, Granada","Granada","9220579","Cullar","Cullar,Andalusia,Spain","Municipality"
"Daimiel, Ciudad Real","Ciudad Real","9224918","Daimiel","Daimiel,Castile-La Mancha,Spain","Municipality"
"Daimús, Valencia","Valencia","9256168","Daimus","Daimus,Valencian Community,Spain","Municipality"
"Deltebre, Tarragona","Tarragona","9049052","Deltebre","Deltebre,Catalonia,Spain","City"
"Derio, Vizcaya","Vizcaya","9260474","Derio","Derio,Basque Country,Spain","Municipality"
"Dolores, Alicante","Alicante","9049054","Dolores","Dolores,Valencian Community,Spain","City"
"Don Benito, Badajoz","Badajoz","1005477","Don Benito","Don Benito,Extremadura,Spain","City"
"Donostia-San Sebastián, Guipúzcoa","Guipúzcoa","9220425","Donostia / San Sebastian","Donostia / San Sebastian,Basque Country,Spain","Municipality"
"Dos Hermanas, Sevilla","Sevilla","9195738","Dos Hermanas","Dos Hermanas,Andalusia,Spain","City"
"Durango, Vizcaya","Vizcaya","9264153","Durango","Durango,Basque Country,Spain","Municipality"
"Dénia, Alicante","Alicante","9049053","Denia","Denia,Valencian Community,Spain","City"
"Dúrcal, Granada","Granada","9049056","Durcal","Durcal,Andalusia,Spain","City"
"Eibar, Guipúzcoa","Guipúzcoa","9214386","Eibar","Eibar,Basque Country,Spain","Municipality"
"Eivissa, Baleares","Baleares","1005514","Eivissa","Eivissa,Balearic Islands,Spain","City"
"El Astillero, Cantabria","Cantabria","9261506","El Astillero","El Astillero,Cantabria,Spain","Municipality"
"El Campello, Alicante","Alicante","9207668","El Campello","El Campello,Valencian Community,Spain","Municipality"
"El Catllar, Tarragona","Tarragona","9208091","El Catllar","El Catllar,Catalonia,Spain","Municipality"
"El Cuervo de Sevilla, Sevilla","Sevilla","9049057","El Cuervo de Sevilla","El Cuervo de Sevilla,Andalusia,Spain","City"
"El Ejido, Almería","Almería","9049058","El Ejido","El Ejido,Andalusia,Spain","City"
"El Escorial, Madrid","Madrid","9251242","El Escorial","El Escorial,Community of Madrid,Spain","City"
"El Franco, Asturias","Asturias","9211780","El Franco","El Franco,Asturias,Spain","Municipality"
"El Masnou, Barcelona","Barcelona","9239019","El Masnou","El Masnou,Catalonia,Spain","Municipality"
"El Milà, Tarragona","Tarragona","9209266","El Mila","El Mila,Catalonia,Spain","Municipality"
"El Prat de Llobregat, Barcelona","Barcelona","9221222","El Prat de Llobregat","El Prat de Llobregat,Catalonia,Spain","Municipality"
"El Puerto de Santa María, Cádiz","Cádiz","1005445","El Puerto de Santa Maria","El Puerto de Santa Maria,Andalusia,Spain","City"
"El Rosario, Santa Cruz de Tenerife","Santa Cruz de Tenerife","9220569","Municipality of El Rosario","Municipality of El Rosario,Canary Islands,Spain","Municipality"
"El Toro, Castellón","Castellón","9218081","El Toro","El Toro,Valencian Community,Spain","Municipality"
"El Vendrell, Tarragona","Tarragona","9215170","El Vendrell","El Vendrell,Catalonia,Spain","Municipality"
"El Viso del Alcor, Sevilla","Sevilla","9049059","El Viso del Alcor","El Viso del Alcor,Andalusia,Spain","City"
"El Viso, Córdoba","Córdoba","9216619","El Viso","El Viso,Andalusia,Spain","Municipality"
"El Álamo, Madrid","Madrid","9228890","El Alamo","El Alamo,Community of Madrid,Spain","Municipality"
"Elche, Alicante","Alicante","1005413","Elx","Elx,Valencian Community,Spain","City"
"Elda, Alicante","Alicante","1005404","Elda","Elda,Valencian Community,Spain","City"
"Elgoibar, Guipúzcoa","Guipúzcoa","9049060","Elgoibar","Elgoibar,Basque Country,Spain","City"
"Els Poblets, Alicante","Alicante","9227539","Els Poblets","Els Poblets,Valencian Community,Spain","Municipality"
"Erandio, Vizcaya","Vizcaya","9240483","Erandio","Erandio,Basque Country,Spain","Municipality"
"Errenteria, Guipúzcoa","Guipúzcoa","9215293","Errenteria","Errenteria,Basque Country,Spain","Municipality"
"Es Castell, Baleares","Baleares","9213962","Es Castell","Es Castell,Balearic Islands,Spain","Municipality"
"Es Mercadal, Baleares","Baleares","9214803","Es Mercadal","Es Mercadal,Balearic Islands,Spain","Municipality"
"Es Migjorn Gran, Baleares","Baleares","9216554","Es Migjorn Gran","Es Migjorn Gran,Balearic Islands,Spain","Municipality"
"Escorca, Baleares","Baleares","9214107","Escorca","Escorca,Balearic Islands,Spain","Municipality"
"Eskoriatza, Guipúzcoa","Guipúzcoa","1005529","Eskoriatza","Eskoriatza,Basque Country,Spain","City"
"Esparreguera, Barcelona","Barcelona","9207713","Esparreguera","Esparreguera,Catalonia,Spain","Municipality"
"Espartinas, Sevilla","Sevilla","9049064","Espartinas","Espartinas,Andalusia,Spain","City"
"Esplugues de Llobregat, Barcelona","Barcelona","9213562","Municipality of Esplugues de Llobregat","Municipality of Esplugues de Llobregat,Catalonia,Spain","Municipality"
"Esporles, Baleares","Baleares","9207264","Esporles","Esporles,Balearic Islands,Spain","Municipality"
"Estellencs, Baleares","Baleares","9211936","Estellencs","Estellencs,Balearic Islands,Spain","Municipality"
"Estepa, Sevilla","Sevilla","9049068","Estepa","Estepa,Andalusia,Spain","City"
"Estepona, Málaga","Málaga","9049069","Estepona","Estepona,Andalusia,Spain","City"
"Felanitx, Baleares","Baleares","9208300","Felanitx","Felanitx,Balearic Islands,Spain","Municipality"
"Fene, A Coruña","A Coruña","9212492","Fene","Fene,Galicia,Spain","Municipality"
"Ferreries, Baleares","Baleares","9207849","Ferreries","Ferreries,Balearic Islands,Spain","Municipality"
"Ferrol, A Coruña","A Coruña","9221900","Ferrol","Ferrol,Galicia,Spain","Municipality"
"Figueres, Girona","Girona","9196816","Figueres","Figueres,Catalonia,Spain","City"
"Firgas, Las Palmas","Las Palmas","9217216","Firgas","Firgas,Canary Islands,Spain","Municipality"
"Fiscal, Huesca","Huesca","9216445","Fiscal","Fiscal,Aragon,Spain","Municipality"
"Fisterra, A Coruña","A Coruña","9212406","Fisterra","Fisterra,Galicia,Spain","Municipality"
"Flix, Tarragona","Tarragona","9049070","Flix","Flix,Catalonia,Spain","City"
"Foios, Valencia","Valencia","9243009","Foios","Foios,Valencian Community,Spain","Municipality"
"Folgoso do Courel, Lugo","Lugo","9211499","Folgoso do Courel","Folgoso do Courel,Galicia,Spain","Municipality"
"Fornalutx, Baleares","Baleares","9220753","Fornalutx","Fornalutx,Balearic Islands,Spain","Municipality"
"Fraga, Huesca","Huesca","9049071","Fraga","Fraga,Aragon,Spain","City"
"Friol, Lugo","Lugo","9215972","Friol","Friol,Galicia,Spain","Municipality"
"Fuengirola, Málaga","Málaga","9197146","Fuengirola","Fuengirola,Andalusia,Spain","City"
"Fuenlabrada, Madrid","Madrid","9049072","Fuenlabrada","Fuenlabrada,Community of Madrid,Spain","City"
"Fuente Vaqueros, Granada","Granada","9213523","Fuente Vaqueros","Fuente Vaqueros,Andalusia,Spain","Municipality"
"Galapagar, Madrid","Madrid","9196899","Galapagar","Galapagar,Community of Madrid,Spain","City"
"Galdakao, Vizcaya","Vizcaya","9239176","Galdakao","Galdakao,Basque Country,Spain","Municipality"
"Gandia, Valencia","Valencia","1005542","Gandia","Gandia,Valencian Community,Spain","City"
"Gavà, Barcelona","Barcelona","9196827","Gava","Gava,Catalonia,Spain","City"
"Gelves, Sevilla","Sevilla","9211974","Gelves","Gelves,Andalusia,Spain","Municipality"
"Gerena, Sevilla","Sevilla","9215163","Gerena","Gerena,Andalusia,Spain","Municipality"
"Gernika-Lumo, Vizcaya","Vizcaya","9049073","Gernika-Lumo","Gernika-Lumo,Basque Country,Spain","City"
"Getafe, Madrid","Madrid","1005491","Getafe","Getafe,Community of Madrid,Spain","City"
"Getxo, Vizcaya","Vizcaya","9196150","Getxo","Getxo,Basque Country,Spain","City"
"Gibraleón, Huelva","Huelva","9221549","Gibraleon","Gibraleon,Andalusia,Spain","Municipality"
"Gijón, Asturias","Asturias","9208717","Gijon","Gijon,Asturias,Spain","Municipality"
"Girona, Girona","Girona","1005467","Girona","Girona,Girona,Catalonia,Spain","City"
"Gironella, Barcelona","Barcelona","9243217","Gironella","Gironella,Catalonia,Spain","Municipality"
"Godelleta, Valencia","Valencia","9207310","Godelleta","Godelleta,Valencian Community,Spain","Municipality"
"Gor, Granada","Granada","9221316","Gor","Gor,Andalusia,Spain","Municipality"
"Gozón, Asturias","Asturias","9259551","Gozon","Gozon,Asturias,Spain","Municipality"
"Grado, Asturias","Asturias","9210641","Grado","Grado,Asturias,Spain","Municipality"
"Granada, Granada","Granada","9215194","Municipality of Granada","Municipality of Granada,Andalusia,Spain","Municipality"
"Granadilla de Abona, Santa Cruz de Tenerife","Santa Cruz de Tenerife","9221789","Granadilla de Abona","Granadilla de Abona,Canary Islands,Spain","Municipality"
"Granollers, Barcelona","Barcelona","1005469","Granollers","Granollers,Catalonia,Spain","City"
"Griñón, Madrid","Madrid","9230020","Grinon","Grinon,Community of Madrid,Spain","Municipality"
"Guadalajara, Guadalajara","Guadalajara","1005459","Guadalajara","Guadalajara,Castile-La Mancha,Spain","City"
"Guadarrama, Madrid","Madrid","9216156","Guadarrama","Guadarrama,Community of Madrid,Spain","City"
"Gualchos, Granada","Granada","9248719","Gualchos","Gualchos,Andalusia,Spain","Municipality"
"Guardamar del Segura, Alicante","Alicante","9049075","Guardamar del Segura","Guardamar del Segura,Valencian Community,Spain","City"
"Guissona, Lleida","Lleida","9049076","Guissona","Guissona,Catalonia,Spain","City"
"Guixers, Lleida","Lleida","9212649","Guixers","Guixers,Catalonia,Spain","Municipality"
"Gurb, Barcelona","Barcelona","9256617","Gurb","Gurb,Catalonia,Spain","Municipality"
"Gáldar, Las Palmas","Las Palmas","9222166","Galdar","Galdar,Canary Islands,Spain","Municipality"
"Gójar, Granada","Granada","9241139","Gojar","Gojar,Andalusia,Spain","Municipality"
"Haro, La Rioja","La Rioja","9049077","Haro","Haro,La Rioja,Spain","City"
"Hellín, Albacete","Albacete","9215298","Hellin","Hellin,Castile-La Mancha,Spain","Municipality"
"Hernani, Guipúzcoa","Guipúzcoa","9207449","Hernani","Hernani,Basque Country,Spain","Municipality"
"Herrera, Sevilla","Sevilla","9212060","Herrera","Herrera,Andalusia,Spain","Municipality"
"Hondarribia, Guipúzcoa","Guipúzcoa","9254627","Hondarribia","Hondarribia,Basque Country,Spain","Municipality"
"Horcajo de Santiago, Cuenca","Cuenca","9213431","Horcajo de Santiago","Horcajo de Santiago,Castile-La Mancha,Spain","Municipality"
"Huelva, Huelva","Huelva","1005415","Huelva","Huelva,Andalusia,Spain","City"
"Huesca, Huesca","Huesca","9049080","Huesca","Huesca,Aragon,Spain","City"
"Humanes de Madrid, Madrid","Madrid","9232020","Humanes de Madrid","Humanes de Madrid,Community of Madrid,Spain","Municipality"
"Huércal-Overa, Almería","Almería","9208961","Huercal-Overa","Huercal-Overa,Andalusia,Spain","Municipality"
"Huéscar, Granada","Granada","9217709","Huescar","Huescar,Andalusia,Spain","Municipality"
"Huétor Tájar, Granada","Granada","9254321","Huetor Tajar","Huetor Tajar,Andalusia,Spain","Municipality"
"Ibi, Alicante","Alicante","9049082","Ibi","Ibi,Valencian Community,Spain","City"
"Icod de los Vinos, Santa Cruz de Tenerife","Santa Cruz de Tenerife","9207722","Icod de los Vinos","Icod de los Vinos,Canary Islands,Spain","Municipality"
"Igualada, Barcelona","Barcelona","1005429","Igualada","Igualada,Catalonia,Spain","City"
"Illescas, Toledo","Toledo","9219145","Illescas","Illescas,Castile-La Mancha,Spain","Municipality"
"Inca, Baleares","Baleares","9213047","Inca","Inca,Balearic Islands,Spain","Municipality"
"Irun, Guipúzcoa","Guipúzcoa","9049086","Irun","Irun,Basque Country,Spain","City"
"Jaca, Huesca","Huesca","9049087","Jaca","Jaca,Aragon,Spain","City"
"Jaén, Jaén","Jaén","9212437","Jaen","Jaen,Andalusia,Spain","Municipality"
"Jerez de la Frontera, Cádiz","Cádiz","9049089","Jerez de la Frontera","Jerez de la Frontera,Andalusia,Spain","City"
"Jumilla, Murcia","Murcia","9049091","Jumilla","Jumilla,Region of Murcia,Spain","City"
"Junta de Traslaloma, Burgos","Burgos","9216721","Junta de Traslaloma","Junta de Traslaloma,Castile and Leon,Spain","Municipality"
"Jódar, Jaén","Jaén","9049090","Jodar","Jodar,Andalusia,Spain","City"
"L'Alcora, Castellón","Castellón","9215991","L'Alcora","L'Alcora,Valencian Community,Spain","Municipality"
"L'Alcúdia, Valencia","Valencia","9049092","L'Alcudia","L'Alcudia,Valencian Community,Spain","City"
"L'Aleixar, Tarragona","Tarragona","9218971","L'Aleixar","L'Aleixar,Catalonia,Spain","Municipality"
"L'Ametlla del Vallès, Barcelona","Barcelona","9223631","L'Ametlla del Valles","L'Ametlla del Valles,Catalonia,Spain","City"
"L'Eliana, Valencia","Valencia","9229332","L'Eliana","L'Eliana,Valencian Community,Spain","Municipality"
"L'Escala, Girona","Girona","9049093","L'Escala","L'Escala,Catalonia,Spain","City"
"L'Hospitalet de Llobregat, Barcelona","Barcelona","9260878","L'Hospitalet de Llobregat","L'Hospitalet de Llobregat,Catalonia,Spain","Municipality"
"L'Olleria, Valencia","Valencia","9228280","L'Olleria","L'Olleria,Valencian Community,Spain","Municipality"
"La Algaba, Sevilla","Sevilla","9049095","La Algaba","La Algaba,Andalusia,Spain","City"
"La Bañeza, León","León","9240753","La Baneza","La Baneza,Castile and Leon,Spain","City"
"La Carlota, Córdoba","Córdoba","9222457","La Carlota","La Carlota,Andalusia,Spain","Municipality"
"La Carolina, Jaén","Jaén","9049098","La Carolina","La Carolina,Andalusia,Spain","City"
"La Garriga, Barcelona","Barcelona","9217822","La Garriga","La Garriga,Catalonia,Spain","City"
"La Línea de la Concepción, Cádiz","Cádiz","9049099","La Linea de la Concepcion","La Linea de la Concepcion,Andalusia,Spain","City"
"La Matanza de Acentejo, Santa Cruz de Tenerife","Santa Cruz de Tenerife","9257291","La Matanza de Acentejo","La Matanza de Acentejo,Canary Islands,Spain","City"
"La Nou de Gaià, Tarragona","Tarragona","9207132","La Nou de Gaia","La Nou de Gaia,Catalonia,Spain","Municipality"
"La Orotava, Santa Cruz de Tenerife","Santa Cruz de Tenerife","9219987","La Orotava","La Orotava,Canary Islands,Spain","Municipality"
"La Palma d'Ebre, Tarragona","Tarragona","1005470","La Palma d'Ebre","La Palma d'Ebre,Catalonia,Spain","City"
"La Palma del Condado, Huelva","Huelva","9237421","La Palma del Condado","La Palma del Condado,Andalusia,Spain","Municipality"
"La Peña, Salamanca","Salamanca","9208798","La Pena","La Pena,Castile and Leon,Spain","Municipality"
"La Pobla Llarga, Valencia","Valencia","9234186","La Pobla Llarga","La Pobla Llarga,Valencian Community,Spain","Municipality"
"La Pobla de Farnals, Valencia","Valencia","9224096","La Pobla de Farnals","La Pobla de Farnals,Valencian Community,Spain","Municipality"
"La Pobla de Mafumet, Tarragona","Tarragona","9209426","La Pobla de Mafumet","La Pobla de Mafumet,Catalonia,Spain","Municipality"
"La Pobla de Montornès, Tarragona","Tarragona","9219601","La Pobla de Montornes","La Pobla de Montornes,Catalonia,Spain","Municipality"
"La Pobla de Vallbona, Valencia","Valencia","9049101","La Pobla de Vallbona","La Pobla de Vallbona,Valencian Community,Spain","City"
"La Puebla de Cazalla, Sevilla","Sevilla","9049102","La Puebla de Cazalla","La Puebla de Cazalla,Andalusia,Spain","City"
"La Rambla, Córdoba","Córdoba","9049103","La Rambla","La Rambla,Andalusia,Spain","City"
"La Riba, Tarragona","Tarragona","9208431","La Riba","La Riba,Catalonia,Spain","Municipality"
"La Rinconada, Sevilla","Sevilla","9049104","La Rinconada","La Rinconada,Andalusia,Spain","City"
"La Roca del Vallès, Barcelona","Barcelona","9251498","Municipality of La Roca del Valles","Municipality of La Roca del Valles,Catalonia,Spain","Municipality"
"La Roda, Albacete","Albacete","9235979","La Roda","La Roda,Castile-La Mancha,Spain","City"
"La Selva del Camp, Tarragona","Tarragona","9221801","La Selva del Camp","La Selva del Camp,Catalonia,Spain","Municipality"
"La Solana, Ciudad Real","Ciudad Real","9049105","La Solana","La Solana,Castile-La Mancha,Spain","City"
"La Unión, Murcia","Murcia","9260084","La Union","La Union,Region of Murcia,Spain","City"
"La Vall d'Uixó, Castellón","Castellón","9049106","La Vall d'Uixo","La Vall d'Uixo,Valencian Community,Spain","City"
"La Zubia, Granada","Granada","9223905","La Zubia","La Zubia,Andalusia,Spain","Municipality"
"Langreo, Asturias","Asturias","9207664","Langreo","Langreo,Asturias,Spain","Municipality"
"Laredo, Cantabria","Cantabria","9236191","Laredo","Laredo,Cantabria,Spain","Municipality"
"Las Gabias, Granada","Granada","9230048","Las Gabias","Las Gabias,Andalusia,Spain","Municipality"
"Las Palmas de Gran Canaria, Las Palmas","Las Palmas","9248572","Las Palmas de Gran Canaria","Las Palmas de Gran Canaria,Canary Islands,Spain","Municipality"
"Las Peñas de Riglos, Huesca","Huesca","9212167","Las Penas de Riglos","Las Penas de Riglos,Aragon,Spain","Municipality"
"Las Rozas de Madrid, Madrid","Madrid","9220905","Municipality of Las Rozas de Madrid","Municipality of Las Rozas de Madrid,Community of Madrid,Spain","Municipality"
"Las Torres de Cotillas, Murcia","Murcia","9211230","Las Torres de Cotillas","Las Torres de Cotillas,Region of Murcia,Spain","Municipality"
"Lasarte-Oria, Guipúzcoa","Guipúzcoa","9217150","Lasarte-Oria","Lasarte-Oria,Basque Country,Spain","Municipality"
"Laspaúles, Huesca","Huesca","9215346","Laspaules","Laspaules,Aragon,Spain","Municipality"
"Lebrija, Sevilla","Sevilla","9049109","Lebrija","Lebrija,Andalusia,Spain","City"
"Leganés, Madrid","Madrid","1005492","Leganes","Leganes,Community of Madrid,Spain","City"
"Legazpi, Guipúzcoa","Guipúzcoa","9219825","Legazpi","Legazpi,Basque Country,Spain","Municipality"
"Leioa, Vizcaya","Vizcaya","9049110","Leioa","Leioa,Basque Country,Spain","City"
"Lena, Asturias","Asturias","9207128","Lena","Lena,Asturias,Spain","Municipality"
"Lepe, Huelva","Huelva","9242950","Lepe","Lepe,Andalusia,Spain","Municipality"
"Les Borges del Camp, Tarragona","Tarragona","9216969","Les Borges del Camp","Les Borges del Camp,Catalonia,Spain","Municipality"
"Les Franqueses del Vallès, Barcelona","Barcelona","9215709","Les Franqueses del Valles","Les Franqueses del Valles,Catalonia,Spain","Municipality"
"Lezo, Guipúzcoa","Guipúzcoa","9256865","Lezo","Lezo,Basque Country,Spain","Municipality"
"León, León","León","1005452","Leon","Leon,Castile and Leon,Spain","City"
"Linares, Jaén","Jaén","9210404","Linares","Linares,Andalusia,Spain","Municipality"
"Llagostera, Girona","Girona","9251534","Llagostera","Llagostera,Catalonia,Spain","City"
"Llanes, Asturias","Asturias","9212643","Llanes","Llanes,Asturias,Spain","Municipality"
"Llançà, Girona","Girona","9214162","Llanca","Llanca,Catalonia,Spain","Municipality"
"Lleida, Lleida","Lleida","9217269","Lleida","Lleida,Catalonia,Spain","Municipality"
"Llinars del Vallès, Barcelona","Barcelona","9218174","Llinars del Valles","Llinars del Valles,Catalonia,Spain","Municipality"
"Lliçà de Vall, Barcelona","Barcelona","9260875","Llica de Vall","Llica de Vall,Catalonia,Spain","Municipality"
"Lloret de Mar, Girona","Girona","9196072","Lloret de Mar","Lloret de Mar,Catalonia,Spain","City"
"Lloret de Vistalegre, Baleares","Baleares","9212496","Lloret de Vistalegre","Lloret de Vistalegre,Balearic Islands,Spain","Municipality"
"Lloseta, Baleares","Baleares","9213242","Lloseta","Lloseta,Balearic Islands,Spain","Municipality"
"Llubí, Baleares","Baleares","9208517","Llubi","Llubi,Balearic Islands,Spain","Municipality"
"Llucmajor, Baleares","Baleares","9219582","Llucmajor","Llucmajor,Balearic Islands,Spain","Municipality"
"Llíria, Valencia","Valencia","9208999","Lliria","Lliria,Valencian Community,Spain","Municipality"
"Logroño, La Rioja","La Rioja","1005485","Logrono","Logrono,La Rioja,Spain","City"
"Loiu, Vizcaya","Vizcaya","9242859","Loiu","Loiu,Basque Country,Spain","Municipality"
"Loja, Granada","Granada","9049116","Loja","Loja,Andalusia,Spain","City"
"Lora del Río, Sevilla","Sevilla","9049117","Lora del Rio","Lora del Rio,Andalusia,Spain","City"
"Lorca, Murcia","Murcia","1005500","Lorca","Lorca,Region of Murcia,Spain","City"
"Los Alcázares, Murcia","Murcia","9214789","Los Alcazares","Los Alcazares,Region of Murcia,Spain","City"
"Los Altos, Burgos","Burgos","9217283","Los Altos","Los Altos,Castile and Leon,Spain","Municipality"
"Los Barrios, Cádiz","Cádiz","9049118","Los Barrios","Los Barrios,Andalusia,Spain","City"
"Los Corrales de Buelna, Cantabria","Cantabria","9049119","Los Corrales de Buelna","Los Corrales de Buelna,Cantabria,Spain","City"
"Los Llanos de Aridane, Santa Cruz de Tenerife","Santa Cruz de Tenerife","9214155","Los Llanos de Aridane","Los Llanos de Aridane,Canary Islands,Spain","Municipality"
"Los Molinos, Madrid","Madrid","9236389","Los Molinos","Los Molinos,Community of Madrid,Spain","City"
"Los Montesinos, Alicante","Alicante","9246206","Los Montesinos","Los Montesinos,Valencian Community,Spain","Municipality"
"Los Palacios y Villafranca, Sevilla","Sevilla","9049120","Los Palacios y Villafranca","Los Palacios y Villafranca,Andalusia,Spain","City"
"Los Realejos, Santa Cruz de Tenerife","Santa Cruz de Tenerife","9211799","Los Realejos","Los Realejos,Canary Islands,Spain","City"
"Lucena, Córdoba","Córdoba","9049121","Lucena","Lucena,Andalusia,Spain","City"
"Lugo, Lugo","Lugo","9220439","Lugo","Lugo,Galicia,Spain","Municipality"
"Láncara, Lugo","Lugo","9218974","Lancara","Lancara,Galicia,Spain","Municipality"
"Macael, Almería","Almería","9213953","Macael","Macael,Andalusia,Spain","Municipality"
"Madrid, Madrid","Madrid","9212393","Municipality of Madrid","Municipality of Madrid,Community of Madrid,Spain","Municipality"
"Madridejos, Toledo","Toledo","9227800","Madridejos","Madridejos,Castile-La Mancha,Spain","Municipality"
"Mahón, Baleares","Baleares","9211996","Mahon","Mahon,Balearic Islands,Spain","Municipality"
"Mairena del Alcor, Sevilla","Sevilla","9049122","Mairena del Alcor","Mairena del Alcor,Andalusia,Spain","City"
"Mairena del Aljarafe, Sevilla","Sevilla","9049123","Mairena del Aljarafe","Mairena del Aljarafe,Andalusia,Spain","City"
"Majadahonda, Madrid","Madrid","9211158","Municipality of Majadahonda","Municipality of Majadahonda,Community of Madrid,Spain","Municipality"
"Malgrat de Mar, Barcelona","Barcelona","9207660","Malgrat de Mar","Malgrat de Mar,Catalonia,Spain","Municipality"
"Malpica de Bergantiños, A Coruña","A Coruña","9207733","Malpica de Bergantinos","Malpica de Bergantinos,Galicia,Spain","Municipality"
"Manacor, Baleares","Baleares","9217439","Manacor","Manacor,Balearic Islands,Spain","Municipality"
"Mancha Real, Jaén","Jaén","9049124","Mancha Real","Mancha Real,Andalusia,Spain","City"
"Mancor de la Vall, Baleares","Baleares","9209840","Mancor de la Vall","Mancor de la Vall,Balearic Islands,Spain","Municipality"
"Manilva, Málaga","Málaga","9220832","Manilva","Manilva,Andalusia,Spain","Municipality"
"Manises, Valencia","Valencia","9255812","Municipality of Manises","Municipality of Manises,Valencian Community,Spain","Municipality"
"Manlleu, Barcelona","Barcelona","9245450","Manlleu","Manlleu,Catalonia,Spain","Municipality"
"Manresa, Barcelona","Barcelona","9196776","Manresa","Manresa,Catalonia,Spain","City"
"Manzanares el Real, Madrid","Madrid","9247847","Manzanares el Real","Manzanares el Real,Community of Madrid,Spain","Municipality"
"Manzanares, Ciudad Real","Ciudad Real","9221059","Manzanares","Manzanares,Castile-La Mancha,Spain","Municipality"
"Maracena, Granada","Granada","9239946","Maracena","Maracena,Andalusia,Spain","Municipality"
"Marbella, Málaga","Málaga","9224915","Marbella","Marbella,Andalusia,Spain","Municipality"
"Marchamalo, Guadalajara","Guadalajara","9244457","Marchamalo","Marchamalo,Castile-La Mancha,Spain","Municipality"
"Marchena, Sevilla","Sevilla","9049127","Marchena","Marchena,Andalusia,Spain","City"
"Maria de la Salut, Baleares","Baleares","9221807","Maria de la Salut","Maria de la Salut,Balearic Islands,Spain","Municipality"
"Marratxí, Baleares","Baleares","9209694","Marratxi","Marratxi,Balearic Islands,Spain","Municipality"
"Martorell, Barcelona","Barcelona","9195803","Martorell","Martorell,Catalonia,Spain","City"
"Martos, Jaén","Jaén","9049128","Martos","Martos,Andalusia,Spain","City"
"Maruri-Jatabe, Vizcaya","Vizcaya","9210616","Maruri-Jatabe","Maruri-Jatabe,Basque Country,Spain","Municipality"
"Masllorenç, Tarragona","Tarragona","9209874","Masllorenc","Masllorenc,Catalonia,Spain","Municipality"
"Masquefa, Barcelona","Barcelona","9049129","Masquefa","Masquefa,Catalonia,Spain","City"
"Massamagrell, Valencia","Valencia","9049130","Massamagrell","Massamagrell,Valencian Community,Spain","City"
"Massanassa, Valencia","Valencia","9252990","Massanassa","Massanassa,Valencian Community,Spain","Municipality"
"Matadepera, Barcelona","Barcelona","9233353","Matadepera","Matadepera,Catalonia,Spain","City"
"Mataró, Barcelona","Barcelona","1005430","Mataro","Mataro,Catalonia,Spain","City"
"Mazaricos, A Coruña","A Coruña","9215425","Mazaricos","Mazaricos,Galicia,Spain","Municipality"
"Mazarrón, Murcia","Murcia","9211497","Mazarron","Mazarron,Region of Murcia,Spain","Municipality"
"Meco, Madrid","Madrid","9229605","Meco","Meco,Community of Madrid,Spain","Municipality"
"Medina de Pomar, Burgos","Burgos","9216871","Medina de Pomar","Medina de Pomar,Castile and Leon,Spain","Municipality"
"Medina del Campo, Valladolid","Valladolid","9211495","Medina del Campo","Medina del Campo,Castile and Leon,Spain","City"
"Meira, Lugo","Lugo","9208103","Meira","Meira,Galicia,Spain","Municipality"
"Meis, Pontevedra","Pontevedra","9221454","Meis","Meis,Galicia,Spain","Municipality"
"Mejorada del Campo, Madrid","Madrid","9214424","Mejorada del Campo","Mejorada del Campo,Community of Madrid,Spain","Municipality"
"Melide, A Coruña","A Coruña","9212054","Melide","Melide,Galicia,Spain","Municipality"
"Mengíbar, Jaén","Jaén","9234101","Mengibar","Mengibar,Andalusia,Spain","Municipality"
"Mieres, Asturias","Asturias","9222880","Mieres","Mieres,Asturias,Spain","Municipality"
"Miguelturra, Ciudad Real","Ciudad Real","9049133","Miguelturra","Miguelturra,Castile-La Mancha,Spain","City"
"Miraflores de la Sierra, Madrid","Madrid","9262649","Miraflores de la Sierra","Miraflores de la Sierra,Community of Madrid,Spain","City"
"Miranda de Ebro, Burgos","Burgos","9207444","Miranda de Ebro","Miranda de Ebro,Castile and Leon,Spain","Municipality"
"Mislata, Valencia","Valencia","9049134","Mislata","Mislata,Valencian Community,Spain","City"
"Miño, A Coruña","A Coruña","9211087","Mino","Mino,Galicia,Spain","Municipality"
"Mocejón, Toledo","Toledo","9241076","Mocejon","Mocejon,Castile-La Mancha,Spain","Municipality"
"Moguer, Huelva","Huelva","9235721","Moguer","Moguer,Andalusia,Spain","Municipality"
"Mogán, Las Palmas","Las Palmas","9257482","Mogan","Mogan,Canary Islands,Spain","Municipality"
"Mojácar, Almería","Almería","9223555","Mojacar","Mojacar,Andalusia,Spain","Municipality"
"Molina de Segura, Murcia","Murcia","9049135","Molina de Segura","Molina de Segura,Region of Murcia,Spain","City"
"Molins de Rei, Barcelona","Barcelona","9049136","Molins de Rei","Molins de Rei,Catalonia,Spain","City"
"Mollerussa, Lleida","Lleida","9212804","Mollerussa","Mollerussa,Catalonia,Spain","City"
"Mollet del Vallès, Barcelona","Barcelona","1005431","Mollet del Valles","Mollet del Valles,Catalonia,Spain","City"
"Mollina, Málaga","Málaga","9049137","Mollina","Mollina,Andalusia,Spain","City"
"Moncada, Valencia","Valencia","9049138","Moncada","Moncada,Valencian Community,Spain","City"
"Monforte de Lemos, Lugo","Lugo","9220917","Monforte de Lemos","Monforte de Lemos,Galicia,Spain","City"
"Mont-ral, Tarragona","Tarragona","9209080","Mont-ral","Mont-ral,Catalonia,Spain","Municipality"
"Mont-ras, Girona","Girona","9231022","Mont-ras","Mont-ras,Catalonia,Spain","Municipality"
"Montblanc, Tarragona","Tarragona","9213937","Montblanc","Montblanc,Catalonia,Spain","Municipality"
"Montbrió del Camp, Tarragona","Tarragona","9213267","Montbrio del Camp","Montbrio del Camp,Catalonia,Spain","Municipality"
"Montcada i Reixac, Barcelona","Barcelona","9222941","Municipality of Montcada i Reixac","Municipality of Montcada i Reixac,Catalonia,Spain","Municipality"
"Monterroso, Lugo","Lugo","9217921","Monterroso","Monterroso,Galicia,Spain","Municipality"
"Montferri, Tarragona","Tarragona","9211397","Montferri","Montferri,Catalonia,Spain","Municipality"
"Montilla, Córdoba","Córdoba","9049141","Montilla","Montilla,Andalusia,Spain","City"
"Montmeló, Barcelona","Barcelona","9224217","Montmelo","Montmelo,Catalonia,Spain","Municipality"
"Montornès del Vallès, Barcelona","Barcelona","9242531","Montornes del Valles","Montornes del Valles,Catalonia,Spain","Municipality"
"Montuïri, Baleares","Baleares","9217449","Montuiri","Montuiri,Balearic Islands,Spain","Municipality"
"Montánchez, Cáceres","Cáceres","9216003","Montanchez","Montanchez,Extremadura,Spain","Municipality"
"Monzón, Huesca","Huesca","9049142","Monzon","Monzon,Aragon,Spain","City"
"Morata de Tajuña, Madrid","Madrid","9248853","Morata de Tajuna","Morata de Tajuna,Community of Madrid,Spain","Municipality"
"Morcín, Asturias","Asturias","9216147","Morcin","Morcin,Asturias,Spain","Municipality"
"Morón de la Frontera, Sevilla","Sevilla","9049143","Moron de la Frontera","Moron de la Frontera,Andalusia,Spain","City"
"Motril, Granada","Granada","9049144","Motril","Motril,Andalusia,Spain","City"
"Muras, Lugo","Lugo","9209821","Muras","Muras,Galicia,Spain","Municipality"
"Murcia, Murcia","Murcia","9257209","Murcia","Murcia,Region of Murcia,Spain","Municipality"
"Muro, Baleares","Baleares","9220391","Muro","Muro,Balearic Islands,Spain","Municipality"
"Mutxamel, Alicante","Alicante","9214957","Mutxamel","Mutxamel,Valencian Community,Spain","Municipality"
"Muxía, A Coruña","A Coruña","9207897","Muxia","Muxia,Galicia,Spain","Municipality"
"Málaga, Málaga","Málaga","9222206","Malaga","Malaga,Andalusia,Spain","Municipality"
"Méntrida, Toledo","Toledo","9244235","Mentrida","Mentrida,Castile-La Mancha,Spain","Municipality"
"Mérida, Badajoz","Badajoz","1005478","Merida","Merida,Extremadura,Spain","City"
"Móstoles, Madrid","Madrid","1005494","Mostoles","Mostoles,Community of Madrid,Spain","City"
"Narón, A Coruña","A Coruña","9212742","Naron","Naron,Galicia,Spain","Municipality"
"Navalcarnero, Madrid","Madrid","9049148","Navalcarnero","Navalcarnero,Community of Madrid,Spain","City"
"Navalmoral de la Mata, Cáceres","Cáceres","9049149","Navalmoral de la Mata","Navalmoral de la Mata,Extremadura,Spain","City"
"Navia, Asturias","Asturias","9249861","Navia","Navia,Asturias,Spain","Municipality"
"Nerja, Málaga","Málaga","9197279","Nerja","Nerja,Andalusia,Spain","City"
"Noia, A Coruña","A Coruña","9214296","Noia","Noia,Galicia,Spain","Municipality"
"Noja, Cantabria","Cantabria","9256118","Noja","Noja,Cantabria,Spain","Municipality"
"Noreña, Asturias","Asturias","9049150","Norena","Norena,Asturias,Spain","City"
"Novelda, Alicante","Alicante","9049151","Novelda","Novelda,Valencian Community,Spain","City"
"Náquera, Valencia","Valencia","9217163","Naquera","Naquera,Valencian Community,Spain","Municipality"
"Níjar, Almería","Almería","9209797","Nijar","Nijar,Andalusia,Spain","Municipality"
"O Carballiño, Ourense","Ourense","9213869","O Carballino","O Carballino,Galicia,Spain","Municipality"
"O Grove, Pontevedra","Pontevedra","9219234","O Grove","O Grove,Galicia,Spain","Municipality"
"O Porriño, Pontevedra","Pontevedra","9217579","O Porrino","O Porrino,Galicia,Spain","City"
"O Saviñao, Lugo","Lugo","9211585","O Savinao","O Savinao,Galicia,Spain","Municipality"
"Oleiros, A Coruña","A Coruña","9215265","Oleiros","Oleiros,Galicia,Spain","Municipality"
"Olesa de Montserrat, Barcelona","Barcelona","9220337","Olesa de Montserrat","Olesa de Montserrat,Catalonia,Spain","City"
"Oliva, Valencia","Valencia","9049152","Oliva","Oliva,Valencian Community,Spain","City"
"Olivares, Sevilla","Sevilla","9234707","Olivares","Olivares,Andalusia,Spain","Municipality"
"Olivella, Barcelona","Barcelona","9212472","Olivella","Olivella,Catalonia,Spain","Municipality"
"Olocau, Valencia","Valencia","9257598","Olocau","Olocau,Valencian Community,Spain","Municipality"
"Olot, Girona","Girona","9197648","Olot","Olot,Catalonia,Spain","City"
"Olvera, Cádiz","Cádiz","9049153","Olvera","Olvera,Andalusia,Spain","City"
"Onda, Castellón","Castellón","1005543","Onda","Onda,Valencian Community,Spain","City"
"Ondara, Alicante","Alicante","9253745","Ondara","Ondara,Valencian Community,Spain","Municipality"
"Ondarroa, Vizcaya","Vizcaya","9049154","Ondarroa","Ondarroa,Basque Country,Spain","City"
"Ontinyent, Valencia","Valencia","9197405","Ontinyent","Ontinyent,Valencian Community,Spain","City"
"Orba, Alicante","Alicante","9212292","Orba","Orba,Valencian Community,Spain","Municipality"
"Ordes, A Coruña","A Coruña","9218071","Ordes","Ordes,Galicia,Spain","Municipality"
"Orihuela, Alicante","Alicante","9232921","Orihuela","Orihuela,Valencian Community,Spain","Municipality"
"Oropesa del Mar, Castellón","Castellón","9049156","Oropesa del Mar","Oropesa del Mar,Valencian Community,Spain","City"
"Oroso, A Coruña","A Coruña","9234141","Oroso","Oroso,Galicia,Spain","Municipality"
"Osuna, Sevilla","Sevilla","9228948","Osuna","Osuna,Andalusia,Spain","Municipality"
"Ourense, Ourense","Ourense","9208654","Ourense","Ourense,Galicia,Spain","Municipality"
"Outeiro de Rei, Lugo","Lugo","9212817","Outeiro de Rei","Outeiro de Rei,Galicia,Spain","Municipality"
"Oviedo, Asturias","Asturias","9215780","Oviedo","Oviedo,Asturias,Spain","Municipality"
"Oñati, Guipúzcoa","Guipúzcoa","9252807","Onati","Onati,Basque Country,Spain","Municipality"
"Paderne de Allariz, Ourense","Ourense","9217447","Paderne de Allariz","Paderne de Allariz,Galicia,Spain","Municipality"
"Padul, Granada","Granada","9225505","Padul","Padul,Andalusia,Spain","Municipality"
"Paiporta, Valencia","Valencia","9250482","Paiporta","Paiporta,Valencian Community,Spain","Municipality"
"Palafrugell, Girona","Girona","9245251","Palafrugell","Palafrugell,Catalonia,Spain","Municipality"
"Palamós, Girona","Girona","9234430","Palamos","Palamos,Catalonia,Spain","Municipality"
"Palazuelos de Eresma, Segovia","Segovia","9237970","Palazuelos de Eresma","Palazuelos de Eresma,Castile and Leon,Spain","Municipality"
"Palencia, Palencia","Palencia","9049160","Palencia","Palencia,Castile and Leon,Spain","City"
"Palma de Mallorca, Baleares","Baleares","9218661","Municipality of Palma","Municipality of Palma,Balearic Islands,Spain","Municipality"
"Palma del Río, Córdoba","Córdoba","9049161","Palma del Rio","Palma del Rio,Andalusia,Spain","City"
"Palomares del Río, Sevilla","Sevilla","9245685","Palomares del Rio","Palomares del Rio,Andalusia,Spain","City"
"Pals, Girona","Girona","9250789","Pals","Pals,Catalonia,Spain","Municipality"
"Paracuellos de Jarama, Madrid","Madrid","9049162","Paracuellos de Jarama","Paracuellos de Jarama,Community of Madrid,Spain","City"
"Parla, Madrid","Madrid","9049163","Parla","Parla,Community of Madrid,Spain","City"
"Paterna, Valencia","Valencia","1005544","Paterna","Paterna,Valencian Community,Spain","City"
"Peligros, Granada","Granada","9226811","Peligros","Peligros,Andalusia,Spain","Municipality"
"Perafort, Tarragona","Tarragona","9210917","Perafort","Perafort,Catalonia,Spain","Municipality"
"Petra, Baleares","Baleares","9210217","Petra","Petra,Balearic Islands,Spain","Municipality"
"Petrer, Alicante","Alicante","9212544","Petrer","Petrer,Valencian Community,Spain","Municipality"
"Peñarroya-Pueblonuevo, Córdoba","Córdoba","9230565","Penarroya-Pueblonuevo","Penarroya-Pueblonuevo,Andalusia,Spain","Municipality"
"Peñíscola, Castellón","Castellón","9049165","Peniscola","Peniscola,Valencian Community,Spain","City"
"Picassent, Valencia","Valencia","9049167","Picassent","Picassent,Valencian Community,Spain","City"
"Pilar de la Horadada, Alicante","Alicante","9049168","Pilar de la Horadada","Pilar de la Horadada,Valencian Community,Spain","City"
"Pilas, Sevilla","Sevilla","9252845","Pilas","Pilas,Andalusia,Spain","Municipality"
"Pineda de Mar, Barcelona","Barcelona","9196381","Pineda de Mar","Pineda de Mar,Catalonia,Spain","City"
"Pinofranqueado, Cáceres","Cáceres","9207381","Pinofranqueado","Pinofranqueado,Extremadura,Spain","Municipality"
"Pinos Puente, Granada","Granada","9214715","Pinos Puente","Pinos Puente,Andalusia,Spain","Municipality"
"Pinoso, Alicante","Alicante","9259078","Pinoso","Pinoso,Valencian Community,Spain","Municipality"
"Pinto, Madrid","Madrid","9049170","Pinto","Pinto,Community of Madrid,Spain","City"
"Pioz, Guadalajara","Guadalajara","9261572","Pioz","Pioz,Castile-La Mancha,Spain","Municipality"
"Plasencia, Cáceres","Cáceres","9049171","Plasencia","Plasencia,Extremadura,Spain","City"
"Pol, Lugo","Lugo","9215858","Pol","Pol,Galicia,Spain","Municipality"
"Polinyà, Barcelona","Barcelona","1005432","Polinya","Polinya,Catalonia,Spain","City"
"Pollença, Baleares","Baleares","9216355","Pollenca","Pollenca,Balearic Islands,Spain","Municipality"
"Ponferrada, León","León","1005453","Ponferrada","Ponferrada,Castile and Leon,Spain","City"
"Ponteareas, Pontevedra","Pontevedra","9210925","Ponteareas","Ponteareas,Galicia,Spain","Municipality"
"Pontevedra, Pontevedra","Pontevedra","9208202","Pontevedra","Pontevedra,Galicia,Spain","Municipality"
"Porreres, Baleares","Baleares","9222199","Porreres","Porreres,Balearic Islands,Spain","Municipality"
"Portomarín, Lugo","Lugo","9214713","Portomarin","Portomarin,Galicia,Spain","Municipality"
"Portugalete, Vizcaya","Vizcaya","9219122","Portugalete","Portugalete,Basque Country,Spain","Municipality"
"Posadas, Córdoba","Córdoba","9254628","Posadas","Posadas,Andalusia,Spain","Municipality"
"Potes, Cantabria","Cantabria","9232835","Potes","Potes,Cantabria,Spain","Municipality"
"Pozo Alcón, Jaén","Jaén","9219000","Pozo Alcon","Pozo Alcon,Andalusia,Spain","Municipality"
"Pozoblanco, Córdoba","Córdoba","9242880","Pozoblanco","Pozoblanco,Andalusia,Spain","Municipality"
"Pozuelo de Alarcón, Madrid","Madrid","9220035","Municipality of Pozuelo de Alarcon","Municipality of Pozuelo de Alarcon,Community of Madrid,Spain","Municipality"
"Pravia, Asturias","Asturias","9214914","Pravia","Pravia,Asturias,Spain","Municipality"
"Premià de Dalt, Barcelona","Barcelona","9232710","Premia de Dalt","Premia de Dalt,Catalonia,Spain","Municipality"
"Priego de Córdoba, Córdoba","Córdoba","9049175","Priego de Cordoba","Priego de Cordoba,Andalusia,Spain","City"
"Puebla de Lillo, León","León","9220902","Puebla de Lillo","Puebla de Lillo,Castile and Leon,Spain","Municipality"
"Puente Genil, Córdoba","Córdoba","9210297","Puente Genil","Puente Genil,Andalusia,Spain","Municipality"
"Puerto Real, Cádiz","Cádiz","9049179","Puerto Real","Puerto Real,Andalusia,Spain","City"
"Puerto de la Cruz, Santa Cruz de Tenerife","Santa Cruz de Tenerife","9196526","Puerto de la Cruz","Puerto de la Cruz,Canary Islands,Spain","City"
"Puerto del Rosario, Las Palmas","Las Palmas","9210214","Puerto del Rosario","Puerto del Rosario,Canary Islands,Spain","City"
"Puertollano, Ciudad Real","Ciudad Real","9049180","Puertollano","Puertollano,Castile-La Mancha,Spain","City"
"Puigcerdà, Girona","Girona","9218410","Puigcerda","Puigcerda,Catalonia,Spain","City"
"Puigpunyent, Baleares","Baleares","9216567","Puigpunyent","Puigpunyent,Balearic Islands,Spain","Municipality"
"Punta Umbría, Huelva","Huelva","9220659","Punta Umbria","Punta Umbria,Andalusia,Spain","City"
"Puçol, Valencia","Valencia","9231169","Pucol","Pucol,Valencian Community,Spain","Municipality"
"Quesada, Jaén","Jaén","9217865","Quesada","Quesada,Andalusia,Spain","Municipality"
"Quijorna, Madrid","Madrid","9216258","Quijorna","Quijorna,Community of Madrid,Spain","Municipality"
"Quiroga, Lugo","Lugo","9214744","Quiroga","Quiroga,Galicia,Spain","Municipality"
"Quirós, Asturias","Asturias","9215084","Quiros","Quiros,Asturias,Spain","Municipality"
"Rafal, Alicante","Alicante","9049182","Rafal","Rafal,Valencian Community,Spain","City"
"Ramirás, Ourense","Ourense","9220081","Ramiras","Ramiras,Galicia,Spain","Municipality"
"Redondela, Pontevedra","Pontevedra","9250548","Redondela","Redondela,Galicia,Spain","Municipality"
"Redován, Alicante","Alicante","9244210","Redovan","Redovan,Valencian Community,Spain","Municipality"
"Reinosa, Cantabria","Cantabria","9229871","Reinosa","Reinosa,Cantabria,Spain","Municipality"
"Renau, Tarragona","Tarragona","9221652","Renau","Renau,Catalonia,Spain","Municipality"
"Requena, Valencia","Valencia","9049183","Requena","Requena,Valencian Community,Spain","City"
"Retortillo de Soria, Soria","Soria","9221009","Retortillo de Soria","Retortillo de Soria,Castile and Leon,Spain","Municipality"
"Reus, Tarragona","Tarragona","9049184","Reus","Reus,Catalonia,Spain","City"
"Ribadeo, Lugo","Lugo","9224711","Ribadeo","Ribadeo,Galicia,Spain","Municipality"
"Ribadesella, Asturias","Asturias","9250848","Ribadesella","Ribadesella,Asturias,Spain","Municipality"
"Ribeira, A Coruña","A Coruña","9218610","Ribeira","Ribeira,Galicia,Spain","Municipality"
"Ribera d'Urgellet, Lleida","Lleida","9217199","Ribera d'Urgellet","Ribera d'Urgellet,Catalonia,Spain","Municipality"
"Riells i Viabrea, Girona","Girona","9245996","Riells i Viabrea","Riells i Viabrea,Catalonia,Spain","City"
"Rincón de la Victoria, Málaga","Málaga","9216855","Rincon de la Victoria","Rincon de la Victoria,Andalusia,Spain","Municipality"
"Rioja, Almería","Almería","1005405","Rioja","Rioja,Andalusia,Spain","City"
"Ripollet, Barcelona","Barcelona","1005472","Ripollet","Ripollet,Catalonia,Spain","City"
"Riudellots de la Selva, Girona","Girona","9254006","Riudellots de la Selva","Riudellots de la Selva,Catalonia,Spain","City"
"Riudoms, Tarragona","Tarragona","9208134","Riudoms","Riudoms,Catalonia,Spain","Municipality"
"Rivas-Vaciamadrid, Madrid","Madrid","9221363","Municipality of Rivas-Vaciamadrid","Municipality of Rivas-Vaciamadrid,Community of Madrid,Spain","Municipality"
"Riós, Ourense","Ourense","9212441","Rios","Rios,Galicia,Spain","Municipality"
"Ronda, Málaga","Málaga","9242198","Ronda","Ronda,Andalusia,Spain","Municipality"
"Roquetas de Mar, Almería","Almería","9261662","Roquetas de Mar","Roquetas de Mar,Andalusia,Spain","Municipality"
"Roses, Girona","Girona","9219271","Roses","Roses,Catalonia,Spain","City"
"Rota, Cádiz","Cádiz","1005446","Rota","Rota,Andalusia,Spain","City"
"Rubí, Barcelona","Barcelona","1005433","Rubi","Rubi,Catalonia,Spain","City"
"Sa Pobla, Baleares","Baleares","9217355","Sa Pobla","Sa Pobla,Balearic Islands,Spain","Municipality"
"Sabadell, Barcelona","Barcelona","9210045","Sabadell","Sabadell,Catalonia,Spain","Municipality"
"Sada, A Coruña","A Coruña","9217223","Sada","Sada,Galicia,Spain","Municipality"
"Sagunto, Valencia","Valencia","9049189","Sagunt","Sagunt,Valencian Community,Spain","City"
"Salamanca, Salamanca","Salamanca","9211553","Municipality of Salamanca","Municipality of Salamanca,Castile and Leon,Spain","Municipality"
"Salas, Asturias","Asturias","9207229","Salas","Salas,Asturias,Spain","Municipality"
"Salou, Tarragona","Tarragona","9049190","Salou","Salou,Catalonia,Spain","City"
"Salvador de Zapardiel, Valladolid","Valladolid","9213493","Salvador de Zapardiel","Salvador de Zapardiel,Castile and Leon,Spain","Municipality"
"Salvaterra de Miño, Pontevedra","Pontevedra","9212118","Salvaterra de Mino","Salvaterra de Mino,Galicia,Spain","Municipality"
"Samos, Lugo","Lugo","9210994","Samos","Samos,Galicia,Spain","Municipality"
"San Bartolomé de Tirajana, Las Palmas","Las Palmas","9221395","Municipality of San Bartolome de Tirajana","Municipality of San Bartolome de Tirajana,Canary Islands,Spain","Municipality"
"San Bartolomé, Las Palmas","Las Palmas","9214001","San Bartolome","San Bartolome,Canary Islands,Spain","Municipality"
"San Cibrao das Viñas, Ourense","Ourense","9212766","San Cibrao das Vinas","San Cibrao das Vinas,Galicia,Spain","Municipality"
"San Cristóbal de La Laguna, Santa Cruz de Tenerife","Santa Cruz de Tenerife","1005532","San Cristobal de La Laguna","San Cristobal de La Laguna,Canary Islands,Spain","City"
"San Fernando de Henares, Madrid","Madrid","9243701","San Fernando de Henares","San Fernando de Henares,Community of Madrid,Spain","Municipality"
"San Fernando, Cádiz","Cádiz","9252385","Municipality of San Fernando","Municipality of San Fernando,Andalusia,Spain","Municipality"
"San Fulgencio, Alicante","Alicante","9249228","San Fulgencio","San Fulgencio,Valencian Community,Spain","Municipality"
"San Isidro, Alicante","Alicante","9218471","San Isidro","San Isidro,Valencian Community,Spain","Municipality"
"San Javier, Murcia","Murcia","9229412","San Javier","San Javier,Region of Murcia,Spain","Municipality"
"San Juan de Aznalfarache, Sevilla","Sevilla","9240255","San Juan de Aznalfarache","San Juan de Aznalfarache,Andalusia,Spain","Municipality"
"San Lorenzo de El Escorial, Madrid","Madrid","9209479","San Lorenzo de El Escorial","San Lorenzo de El Escorial,Community of Madrid,Spain","City"
"San Martín de la Vega, Madrid","Madrid","9049195","San Martin de la Vega","San Martin de la Vega,Community of Madrid,Spain","City"
"San Martín del Rey Aurelio, Asturias","Asturias","9217316","San Martin del Rey Aurelio","San Martin del Rey Aurelio,Asturias,Spain","Municipality"
"San Miguel de Salinas, Alicante","Alicante","9228591","San Miguel de Salinas","San Miguel de Salinas,Valencian Community,Spain","Municipality"
"San Pascual, Ávila","Ávila","9211175","San Pascual","San Pascual,Castile and Leon,Spain","Municipality"
"San Roque, Cádiz","Cádiz","9207329","San Roque","San Roque,Andalusia,Spain","Municipality"
"San Sadurniño, A Coruña","A Coruña","9222307","San Sadurnino","San Sadurnino,Galicia,Spain","Municipality"
"San Sebastián de los Reyes, Madrid","Madrid","9049198","San Sebastian de los Reyes","San Sebastian de los Reyes,Community of Madrid,Spain","City"
"Sandiás, Ourense","Ourense","9208006","Sandias","Sandias,Galicia,Spain","Municipality"
"Sanlúcar de Barrameda, Cádiz","Cádiz","9196881","Sanlucar de Barrameda","Sanlucar de Barrameda,Andalusia,Spain","City"
"Sanlúcar la Mayor, Sevilla","Sevilla","9049199","Sanlucar la Mayor","Sanlucar la Mayor,Andalusia,Spain","City"
"Sant Adrià de Besòs, Barcelona","Barcelona","9210874","Municipality of Sant Adria de Besos","Municipality of Sant Adria de Besos,Catalonia,Spain","Municipality"
"Sant Andreu de la Barca, Barcelona","Barcelona","9237447","Sant Andreu de la Barca","Sant Andreu de la Barca,Catalonia,Spain","Municipality"
"Sant Antoni de Portmany, Baleares","Baleares","9208259","Sant Antoni de Portmany","Sant Antoni de Portmany,Balearic Islands,Spain","Municipality"
"Sant Boi de Llobregat, Barcelona","Barcelona","9197321","Sant Boi de Llobregat","Sant Boi de Llobregat,Catalonia,Spain","City"
"Sant Cebrià de Vallalta, Barcelona","Barcelona","9246083","Sant Cebria de Vallalta","Sant Cebria de Vallalta,Catalonia,Spain","Municipality"
"Sant Cugat del Vallès, Barcelona","Barcelona","9210679","Sant Cugat del Valles","Sant Cugat del Valles,Catalonia,Spain","Municipality"
"Sant Feliu de Guíxols, Girona","Girona","9226276","Sant Feliu de Guixols","Sant Feliu de Guixols,Catalonia,Spain","Municipality"
"Sant Feliu de Llobregat, Barcelona","Barcelona","9208693","Municipality of Sant Feliu de Llobregat","Municipality of Sant Feliu de Llobregat,Catalonia,Spain","Municipality"
"Sant Joan Despí, Barcelona","Barcelona","9214901","Municipality of Sant Joan Despi","Municipality of Sant Joan Despi,Catalonia,Spain","Municipality"
"Sant Joan d'Alacant, Alicante","Alicante","9226648","Sant Joan d'Alacant","Sant Joan d'Alacant,Valencian Community,Spain","Municipality"
"Sant Joan de Labritja, Baleares","Baleares","9212954","Sant Joan de Labritja","Sant Joan de Labritja,Balearic Islands,Spain","Municipality"
"Sant Joan, Baleares","Baleares","9210293","Sant Joan","Sant Joan,Balearic Islands,Spain","Municipality"
"Sant Josep de sa Talaia, Baleares","Baleares","9214866","Sant Josep de sa Talaia","Sant Josep de sa Talaia,Balearic Islands,Spain","Municipality"
"Sant Just Desvern, Barcelona","Barcelona","9210376","Sant Just Desvern","Sant Just Desvern,Catalonia,Spain","City"
"Sant Llorenç d'Hortons, Barcelona","Barcelona","9263232","Sant Llorenc d'Hortons","Sant Llorenc d'Hortons,Catalonia,Spain","Municipality"
"Sant Llorenç des Cardassar, Baleares","Baleares","9214231","Sant Llorenc des Cardassar","Sant Llorenc des Cardassar,Balearic Islands,Spain","Municipality"
"Sant Lluís, Baleares","Baleares","9222685","Sant Lluis","Sant Lluis,Balearic Islands,Spain","Municipality"
"Sant Martí de Tous, Barcelona","Barcelona","9216618","Sant Marti de Tous","Sant Marti de Tous,Catalonia,Spain","Municipality"
"Sant Pere Pescador, Girona","Girona","9234973","Sant Pere Pescador","Sant Pere Pescador,Catalonia,Spain","Municipality"
"Sant Pere de Ribes, Barcelona","Barcelona","9215564","Sant Pere de Ribes","Sant Pere de Ribes,Catalonia,Spain","Municipality"
"Sant Pol de Mar, Barcelona","Barcelona","9248255","Sant Pol de Mar","Sant Pol de Mar,Catalonia,Spain","Municipality"
"Sant Quirze del Vallès, Barcelona","Barcelona","9209053","Sant Quirze del Valles","Sant Quirze del Valles,Catalonia,Spain","City"
"Sant Sadurní d'Anoia, Barcelona","Barcelona","9230435","Sant Sadurni d'Anoia","Sant Sadurni d'Anoia,Catalonia,Spain","Municipality"
"Sant Vicenç de Montalt, Barcelona","Barcelona","9230739","Sant Vicenc de Montalt","Sant Vicenc de Montalt,Catalonia,Spain","City"
"Sant Vicenç dels Horts, Barcelona","Barcelona","9196110","Sant Vicenc dels Horts","Sant Vicenc dels Horts,Catalonia,Spain","City"
"Santa Bàrbara, Tarragona","Tarragona","1005473","Santa Barbara","Santa Barbara,Catalonia,Spain","City"
"Santa Coloma de Farners, Girona","Girona","9258584","Santa Coloma de Farners","Santa Coloma de Farners,Catalonia,Spain","City"
"Santa Coloma de Gramenet, Barcelona","Barcelona","9229530","Santa Coloma de Gramenet","Santa Coloma de Gramenet,Catalonia,Spain","Municipality"
"Santa Comba, A Coruña","A Coruña","9209584","Santa Comba","Santa Comba,Galicia,Spain","Municipality"
"Santa Cruz de Bezana, Cantabria","Cantabria","9232586","Santa Cruz de Bezana","Santa Cruz de Bezana,Cantabria,Spain","Municipality"
"Santa Cruz de Tenerife, Santa Cruz de Tenerife","Santa Cruz de Tenerife","9217284","Santa Cruz de Tenerife","Santa Cruz de Tenerife,Anaga,Canary Islands,Spain","Municipality"
"Santa Cruz de la Palma, Santa Cruz de Tenerife","Santa Cruz de Tenerife","9225985","Santa Cruz de La Palma","Santa Cruz de La Palma,Canary Islands,Spain","City"
"Santa Eugènia, Baleares","Baleares","9213147","Santa Eugenia","Santa Eugenia,Balearic Islands,Spain","Municipality"
"Santa Eulàlia de Ronçana, Barcelona","Barcelona","9212032","Santa Eulalia de Roncana","Santa Eulalia de Roncana,Catalonia,Spain","Municipality"
"Santa Margalida, Baleares","Baleares","9211214","Santa Margalida","Santa Margalida,Balearic Islands,Spain","Municipality"
"Santa Maria de Palautordera, Barcelona","Barcelona","9261657","Santa Maria de Palautordera","Santa Maria de Palautordera,Catalonia,Spain","Municipality"
"Santa Perpètua de Mogoda, Barcelona","Barcelona","9219456","Municipality of Santa Perpetua de Mogoda","Municipality of Santa Perpetua de Mogoda,Catalonia,Spain","Municipality"
"Santa Pola, Alicante","Alicante","9049204","Santa Pola","Santa Pola,Valencian Community,Spain","City"
"Santa Susanna, Barcelona","Barcelona","9243915","Santa Susanna","Santa Susanna,Catalonia,Spain","Municipality"
"Santander, Cantabria","Cantabria","9220271","Santander","Santander,Cantabria,Spain","Municipality"
"Santanyí, Baleares","Baleares","9208475","Santanyi","Santanyi,Balearic Islands,Spain","Municipality"
"Santiago de Compostela, A Coruña","A Coruña","1005483","Santiago de Compostela","Santiago de Compostela,Galicia,Spain","City"
"Santiago del Teide, Santa Cruz de Tenerife","Santa Cruz de Tenerife","9257314","Santiago del Teide","Santiago del Teide,Canary Islands,Spain","Municipality"
"Santiponce, Sevilla","Sevilla","9210750","Santiponce","Santiponce,Andalusia,Spain","Municipality"
"Santo Domingo de la Calzada, La Rioja","La Rioja","9207234","Santo Domingo de la Calzada","Santo Domingo de la Calzada,La Rioja,Spain","Municipality"
"Santomera, Murcia","Murcia","9049206","Santomera","Santomera,Region of Murcia,Spain","City"
"Santoña, Cantabria","Cantabria","9049207","Santona","Santona,Cantabria,Spain","City"
"Santpedor, Barcelona","Barcelona","9231866","Santpedor","Santpedor,Catalonia,Spain","Municipality"
"Sanxenxo, Pontevedra","Pontevedra","9216056","Sanxenxo","Sanxenxo,Galicia,Spain","Municipality"
"Sarria, Lugo","Lugo","9213363","Sarria","Sarria,Galicia,Spain","Municipality"
"Sayalonga, Málaga","Málaga","9049208","Sayalonga","Sayalonga,Andalusia,Spain","City"
"Segorbe, Castellón","Castellón","9049209","Segorbe","Segorbe,Valencian Community,Spain","City"
"Segovia, Segovia","Segovia","1005528","Segovia","Segovia,Castile and Leon,Spain","City"
"Selva, Baleares","Baleares","9212015","Selva","Selva,Balearic Islands,Spain","Municipality"
"Sencelles, Baleares","Baleares","9219350","Sencelles","Sencelles,Balearic Islands,Spain","Municipality"
"Serón, Almería","Almería","9212350","Seron","Seron,Andalusia,Spain","Municipality"
"Ses Salines, Baleares","Baleares","9217118","Ses Salines","Ses Salines,Balearic Islands,Spain","Municipality"
"Seseña, Toledo","Toledo","9231324","Sesena","Sesena,Castile-La Mancha,Spain","City"
"Sestao, Vizcaya","Vizcaya","9215516","Sestao","Sestao,Basque Country,Spain","Municipality"
"Sevilla la Nueva, Madrid","Madrid","9219563","Sevilla la Nueva","Sevilla la Nueva,Community of Madrid,Spain","Municipality"
"Sevilla, Sevilla","Sevilla","9220037","Municipality of Seville","Municipality of Seville,Andalusia,Spain","Municipality"
"Siero, Asturias","Asturias","9207650","Municipality of Siero","Municipality of Siero,Asturias,Spain","Municipality"
"Silla, Valencia","Valencia","9233347","Silla","Silla,Valencian Community,Spain","Municipality"
"Silleda, Pontevedra","Pontevedra","9217850","Silleda","Silleda,Galicia,Spain","Municipality"
"Simancas, Valladolid","Valladolid","9220497","Simancas","Simancas,Castile and Leon,Spain","Municipality"
"Sineu, Baleares","Baleares","9210254","Sineu","Sineu,Balearic Islands,Spain","Municipality"
"Sitges, Barcelona","Barcelona","9220582","Sitges","Sitges,Catalonia,Spain","Municipality"
"Socuéllamos, Ciudad Real","Ciudad Real","9258842","Socuellamos","Socuellamos,Castile-La Mancha,Spain","Municipality"
"Sollana, Valencia","Valencia","9049211","Sollana","Sollana,Valencian Community,Spain","City"
"Solsona, Lleida","Lleida","9263218","Solsona","Solsona,Catalonia,Spain","Municipality"
"Son Servera, Baleares","Baleares","9213931","Son Servera","Son Servera,Balearic Islands,Spain","Municipality"
"Soria, Soria","Soria","1005454","Soria","Soria,Castile and Leon,Spain","City"
"Sotalbo, Ávila","Ávila","9215208","Sotalbo","Sotalbo,Castile and Leon,Spain","Municipality"
"Sotillo de la Adrada, Ávila","Ávila","9243097","Sotillo de la Adrada","Sotillo de la Adrada,Castile and Leon,Spain","Municipality"
"Soto del Barco, Asturias","Asturias","9211237","Soto del Barco","Soto del Barco,Asturias,Spain","Municipality"
"Soto del Real, Madrid","Madrid","9253072","Soto del Real","Soto del Real,Community of Madrid,Spain","City"
"Sueca, Valencia","Valencia","9217415","Sueca","Sueca,Valencian Community,Spain","Municipality"
"Sóller, Baleares","Baleares","9222418","Soller","Soller,Balearic Islands,Spain","Municipality"
"Súria, Barcelona","Barcelona","9243049","Suria","Suria,Catalonia,Spain","Municipality"
"Taboada, Lugo","Lugo","9221390","Taboada","Taboada,Galicia,Spain","Municipality"
"Tacoronte, Santa Cruz de Tenerife","Santa Cruz de Tenerife","9244101","Tacoronte","Tacoronte,Canary Islands,Spain","Municipality"
"Talavera de la Reina, Toledo","Toledo","9195643","Talavera de la Reina","Talavera de la Reina,Castile-La Mancha,Spain","City"
"Tapia de Casariego, Asturias","Asturias","9218468","Tapia de Casariego","Tapia de Casariego,Asturias,Spain","Municipality"
"Tarancón, Cuenca","Cuenca","9224382","Tarancon","Tarancon,Castile-La Mancha,Spain","Municipality"
"Tarifa, Cádiz","Cádiz","9211615","Tarifa","Tarifa,Andalusia,Spain","Municipality"
"Tarragona, Tarragona","Tarragona","9258242","Municipality of Tarragona","Municipality of Tarragona,Catalonia,Spain","Municipality"
"Teià, Barcelona","Barcelona","9212588","Teia","Teia,Catalonia,Spain","City"
"Telde, Las Palmas","Las Palmas","9215056","Municipality of Telde","Municipality of Telde,Canary Islands,Spain","Municipality"
"Tembleque, Toledo","Toledo","1005534","Tembleque","Tembleque,Castile-La Mancha,Spain","City"
"Teo, A Coruña","A Coruña","9219982","Teo","Teo,Galicia,Spain","Municipality"
"Teror, Las Palmas","Las Palmas","9222542","Teror","Teror,Canary Islands,Spain","Municipality"
"Terrassa, Barcelona","Barcelona","9212999","Municipality of Terrassa","Municipality of Terrassa,Catalonia,Spain","Municipality"
"Teruel, Teruel","Teruel","9049218","Teruel","Teruel,Aragon,Spain","City"
"Tineo, Asturias","Asturias","9216873","Tineo","Tineo,Asturias,Spain","Municipality"
"Tocina, Sevilla","Sevilla","9221429","Tocina","Tocina,Andalusia,Spain","Municipality"
"Toledo, Toledo","Toledo","1005460","Toledo","Toledo,Castile-La Mancha,Spain","City"
"Tolosa, Guipúzcoa","Guipúzcoa","9049085","Tolosa","Tolosa,Basque Country,Spain","City"
"Tomares, Sevilla","Sevilla","1005422","Tomares","Tomares,Andalusia,Spain","City"
"Tomelloso, Ciudad Real","Ciudad Real","9049219","Tomelloso","Tomelloso,Castile-La Mancha,Spain","City"
"Tona, Barcelona","Barcelona","9236179","Tona","Tona,Catalonia,Spain","Municipality"
"Tordoia, A Coruña","A Coruña","9216655","Tordoia","Tordoia,Galicia,Spain","Municipality"
"Torelló, Barcelona","Barcelona","9210239","Torello","Torello,Catalonia,Spain","City"
"Toro, Zamora","Zamora","9249777","Toro","Toro,Castile and Leon,Spain","City"
"Torre-Pacheco, Murcia","Murcia","9209301","Torre-Pacheco","Torre-Pacheco,Region of Murcia,Spain","City"
"Torredonjimeno, Jaén","Jaén","9049221","Torredonjimeno","Torredonjimeno,Andalusia,Spain","City"
"Torrejón de Ardoz, Madrid","Madrid","1005496","Torrejon de Ardoz","Torrejon de Ardoz,Community of Madrid,Spain","City"
"Torrejón de la Calzada, Madrid","Madrid","9239446","Torrejon de la Calzada","Torrejon de la Calzada,Community of Madrid,Spain","Municipality"
"Torrejón del Rey, Guadalajara","Guadalajara","9244405","Torrejon del Rey","Torrejon del Rey,Castile-La Mancha,Spain","Municipality"
"Torrelaguna, Madrid","Madrid","1005497","Torrelaguna","Torrelaguna,Community of Madrid,Spain","City"
"Torrelavega, Cantabria","Cantabria","9049222","Torrelavega","Torrelavega,Cantabria,Spain","City"
"Torrelodones, Madrid","Madrid","9190106","Municipality of Torrelodones","Municipality of Torrelodones,Community of Madrid,Spain","Municipality"
"Torremolinos, Málaga","Málaga","9222292","Municipality of Torremolinos","Municipality of Torremolinos,Andalusia,Spain","Municipality"
"Torrent, Valencia","Valencia","9243986","Municipality of Torrent","Municipality of Torrent,Valencian Community,Spain","Municipality"
"Torres de la Alameda, Madrid","Madrid","9256471","Torres de la Alameda","Torres de la Alameda,Community of Madrid,Spain","Municipality"
"Torrevieja, Alicante","Alicante","9241443","Torrevieja","Torrevieja,Valencian Community,Spain","Municipality"
"Torrijos, Toledo","Toledo","9216816","Torrijos","Torrijos,Castile-La Mancha,Spain","City"
"Torroella de Montgrí, Girona","Girona","9253436","Torroella de Montgri","Torroella de Montgri,Catalonia,Spain","Municipality"
"Tortosa, Tarragona","Tarragona","9049225","Tortosa","Tortosa,Catalonia,Spain","City"
"Tossa de Mar, Girona","Girona","9260214","Tossa de Mar","Tossa de Mar,Catalonia,Spain","Municipality"
"Totana, Murcia","Murcia","9049226","Totana","Totana,Region of Murcia,Spain","City"
"Tres Cantos, Madrid","Madrid","9049227","Tres Cantos","Tres Cantos,Community of Madrid,Spain","City"
"Tudela de Duero, Valladolid","Valladolid","9226731","Tudela de Duero","Tudela de Duero,Castile and Leon,Spain","Municipality"
"Tui, Pontevedra","Pontevedra","9241072","Tui","Tui,Galicia,Spain","Municipality"
"Turre, Almería","Almería","9049228","Turre","Turre,Andalusia,Spain","City"
"Tàrrega, Lleida","Lleida","9049217","Tarrega","Tarrega,Catalonia,Spain","City"
"Tías, Las Palmas","Las Palmas","9258835","Tias","Tias,Canary Islands,Spain","City"
"Ubrique, Cádiz","Cádiz","9245636","Ubrique","Ubrique,Andalusia,Spain","Municipality"
"Umbrete, Sevilla","Sevilla","9247641","Umbrete","Umbrete,Andalusia,Spain","Municipality"
"Urduña-Orduña, Álava","Álava","9221151","Urduna / Orduna","Urduna / Orduna,Basque Country,Spain","Municipality"
"Urnieta, Guipúzcoa","Guipúzcoa","1005522","Urnieta","Urnieta,Basque Country,Spain","City"
"Utebo, Zaragoza","Zaragoza","9049231","Utebo","Utebo,Aragon,Spain","City"
"Utrera, Sevilla","Sevilla","9049232","Utrera","Utrera,Andalusia,Spain","City"
"Vacarisses, Barcelona","Barcelona","9222479","Vacarisses","Vacarisses,Catalonia,Spain","Municipality"
"Val do Dubra, A Coruña","A Coruña","9217904","Val do Dubra","Val do Dubra,Galicia,Spain","Municipality"
"Valdeavero, Madrid","Madrid","9240729","Valdeavero","Valdeavero,Community of Madrid,Spain","Municipality"
"Valdemorillo, Madrid","Madrid","9243406","Valdemorillo","Valdemorillo,Community of Madrid,Spain","Municipality"
"Valdemoro, Madrid","Madrid","9049233","Valdemoro","Valdemoro,Community of Madrid,Spain","City"
"Valdepeñas, Ciudad Real","Ciudad Real","9049234","Valdepenas","Valdepenas,Castile-La Mancha,Spain","City"
"Valderredible, Cantabria","Cantabria","9212400","Valderredible","Valderredible,Cantabria,Spain","Municipality"
"Valdáliga, Cantabria","Cantabria","9214029","Valdaliga","Valdaliga,Cantabria,Spain","Municipality"
"Valdés, Asturias","Asturias","9216625","Valdes","Valdes,Asturias,Spain","Municipality"
"Valencia, Valencia","Valencia","9217987","Municipality of Valencia","Municipality of Valencia,Valencian Community,Spain","Municipality"
"Valencina de la Concepción, Sevilla","Sevilla","9237330","Valencina de la Concepcion","Valencina de la Concepcion,Andalusia,Spain","Municipality"
"Valladolid, Valladolid","Valladolid","1005546","Valladolid","Valladolid,Castile and Leon,Spain","City"
"Valldemossa, Baleares","Baleares","9210447","Valldemossa","Valldemossa,Balearic Islands,Spain","Municipality"
"Valle de Mena, Burgos","Burgos","9209474","Valle de Mena","Valle de Mena,Castile and Leon,Spain","Municipality"
"Vallehermoso, Santa Cruz de Tenerife","Santa Cruz de Tenerife","9218813","Vallehermoso","Vallehermoso,Canary Islands,Spain","Municipality"
"Vallirana, Barcelona","Barcelona","9211948","Vallirana","Vallirana,Catalonia,Spain","City"
"Vallmoll, Tarragona","Tarragona","9218792","Vallmoll","Vallmoll,Catalonia,Spain","Municipality"
"Valls, Tarragona","Tarragona","9208376","Valls","Valls,Catalonia,Spain","Municipality"
"Vedra, A Coruña","A Coruña","9217093","Vedra","Vedra,Galicia,Spain","Municipality"
"Velilla de San Antonio, Madrid","Madrid","9236656","Velilla de San Antonio","Velilla de San Antonio,Community of Madrid,Spain","Municipality"
"Vera, Almería","Almería","9049237","Vera","Vera,Andalusia,Spain","City"
"Verea, Ourense","Ourense","9222665","Verea","Verea,Galicia,Spain","Municipality"
"Verín, Ourense","Ourense","9210391","Verin","Verin,Galicia,Spain","Municipality"
"Vespella de Gaià, Tarragona","Tarragona","9211743","Vespella de Gaia","Vespella de Gaia,Catalonia,Spain","Municipality"
"Vic, Barcelona","Barcelona","9196741","Vic","Vic,Catalonia,Spain","City"
"Vigo, Pontevedra","Pontevedra","1005518","Vigo","Vigo,Galicia,Spain","City"
"Vila-seca, Tarragona","Tarragona","9210753","Vila-seca","Vila-seca,Catalonia,Spain","Municipality"
"Vilabella, Tarragona","Tarragona","9220268","Vilabella","Vilabella,Catalonia,Spain","Municipality"
"Viladecans, Barcelona","Barcelona","9235599","Viladecans","Viladecans,Catalonia,Spain","Municipality"
"Vilafranca del Penedès, Barcelona","Barcelona","1005474","Vilafranca del Penedes","Vilafranca del Penedes,Catalonia,Spain","City"
"Vilagarcía de Arousa, Pontevedra","Pontevedra","9252302","Vilagarcia de Arousa","Vilagarcia de Arousa,Galicia,Spain","Municipality"
"Vilalba, Lugo","Lugo","9209172","Vilalba","Vilalba,Galicia,Spain","Municipality"
"Vilallonga de Ter, Girona","Girona","9213300","Vilallonga de Ter","Vilallonga de Ter,Catalonia,Spain","Municipality"
"Vilamartín de Valdeorras, Ourense","Ourense","9211626","Vilamartin de Valdeorras","Vilamartin de Valdeorras,Galicia,Spain","Municipality"
"Vilanova de Arousa, Pontevedra","Pontevedra","9217198","Vilanova de Arousa","Vilanova de Arousa,Galicia,Spain","Municipality"
"Vilanova del Camí, Barcelona","Barcelona","9223471","Vilanova del Cami","Vilanova del Cami,Catalonia,Spain","Municipality"
"Vilanova i la Geltrú, Barcelona","Barcelona","1005437","Vilanova i la Geltru","Vilanova i la Geltru,Catalonia,Spain","City"
"Vilassar de Dalt, Barcelona","Barcelona","9049238","Vilassar de Dalt","Vilassar de Dalt,Catalonia,Spain","City"
"Villa del Río, Córdoba","Córdoba","9236960","Villa del Rio","Villa del Rio,Andalusia,Spain","City"
"Villabona, Guipúzcoa","Guipúzcoa","9227013","Villabona","Villabona,Basque Country,Spain","Municipality"
"Villafranca de los Barros, Badajoz","Badajoz","9256217","Villafranca de los Barros","Villafranca de los Barros,Extremadura,Spain","City"
"Villalbilla, Madrid","Madrid","9212378","Villalbilla","Villalbilla,Community of Madrid,Spain","Municipality"
"Villamanta, Madrid","Madrid","9214090","Villamanta","Villamanta,Community of Madrid,Spain","Municipality"
"Villamantilla, Madrid","Madrid","9208031","Villamantilla","Villamantilla,Community of Madrid,Spain","Municipality"
"Villamayor, Salamanca","Salamanca","9250383","Villamayor","Villamayor,Castile and Leon,Spain","Municipality"
"Villanueva de Gállego, Zaragoza","Zaragoza","9234743","Villanueva de Gallego","Villanueva de Gallego,Aragon,Spain","Municipality"
"Villanueva de Oscos, Asturias","Asturias","9222329","Villanueva de Oscos","Villanueva de Oscos,Asturias,Spain","Municipality"
"Villanueva de la Cañada, Madrid","Madrid","9225174","Villanueva de la Canada","Villanueva de la Canada,Community of Madrid,Spain","Municipality"
"Villanueva de la Serena, Badajoz","Badajoz","9049241","Villanueva de la Serena","Villanueva de la Serena,Extremadura,Spain","City"
"Villanueva de la Torre, Guadalajara","Guadalajara","9253274","Villanueva de la Torre","Villanueva de la Torre,Castile-La Mancha,Spain","Municipality"
"Villanueva del Pardillo, Madrid","Madrid","9234506","Villanueva del Pardillo","Villanueva del Pardillo,Community of Madrid,Spain","Municipality"
"Villarejo de Salvanés, Madrid","Madrid","9245405","Villarejo de Salvanes","Villarejo de Salvanes,Community of Madrid,Spain","Municipality"
"Villarrobledo, Albacete","Albacete","9049243","Villarrobledo","Villarrobledo,Castile-La Mancha,Spain","City"
"Villarrubia de los Ojos, Ciudad Real","Ciudad Real","9236349","Villarrubia de los Ojos","Villarrubia de los Ojos,Castile-La Mancha,Spain","Municipality"
"Villarta-Quintana, La Rioja","La Rioja","9216053","Villarta-Quintana","Villarta-Quintana,La Rioja,Spain","Municipality"
"Villaverde del Río, Sevilla","Sevilla","9219885","Villaverde del Rio","Villaverde del Rio,Andalusia,Spain","Municipality"
"Villaviciosa de Odón, Madrid","Madrid","9049245","Villaviciosa de Odon","Villaviciosa de Odon,Community of Madrid,Spain","City"
"Villaviciosa, Asturias","Asturias","9210403","Villaviciosa","Villaviciosa,Asturias,Spain","Municipality"
"Villayón, Asturias","Asturias","9217122","Villayon","Villayon,Asturias,Spain","Municipality"
"Villena, Alicante","Alicante","9049246","Villena","Villena,Valencian Community,Spain","City"
"Vinaròs, Castellón","Castellón","9049247","Vinaros","Vinaros,Valencian Community,Spain","City"
"Vinyols i els Arcs, Tarragona","Tarragona","9216696","Vinyols i els Arcs","Vinyols i els Arcs,Catalonia,Spain","Municipality"
"Vitoria-Gasteiz, Álava","Álava","9215403","Vitoria-Gasteiz","Vitoria-Gasteiz,Basque Country,Spain","Municipality"
"Vélez-Blanco, Almería","Almería","9210027","Velez-Blanco","Velez-Blanco,Andalusia,Spain","Municipality"
"Vélez-Málaga, Málaga","Málaga","9221698","Velez-Malaga","Velez-Malaga,Andalusia,Spain","Municipality"
"Xove, Lugo","Lugo","9216465","Xove","Xove,Galicia,Spain","Municipality"
"Xàtiva, Valencia","Valencia","9049248","Xativa","Xativa,Valencian Community,Spain","City"
"Yecla, Murcia","Murcia","9218206","Yecla","Yecla,Region of Murcia,Spain","City"
"Zafra, Badajoz","Badajoz","9246819","Zafra","Zafra,Extremadura,Spain","Municipality"
"Zalla, Vizcaya","Vizcaya","9214801","Zalla","Zalla,Basque Country,Spain","Municipality"
"Zamora, Zamora","Zamora","9049250","Zamora","Zamora,Castile and Leon,Spain","City"
"Zamudio, Vizcaya","Vizcaya","1005523","Zamudio","Zamudio,Basque Country,Spain","City"
"Zaragoza, Zaragoza","Zaragoza","9218777","Municipality of Zaragoza","Municipality of Zaragoza,Aragon,Spain","Municipality"
"Zarautz, Guipúzcoa","Guipúzcoa","9263148","Zarautz","Zarautz,Basque Country,Spain","Municipality"
"Zas, A Coruña","A Coruña","9207319","Zas","Zas,Galicia,Spain","Municipality"
"Zumarraga, Guipúzcoa","Guipúzcoa","9247678","Zumarraga","Zumarraga,Basque Country,Spain","Municipality"
"Águilas, Murcia","Murcia","9048959","Aguilas","Aguilas,Region of Murcia,Spain","City"
"Ávila, Ávila","Ávila","1005449","Avila‎","Avila‎,Castile and Leon,Spain","City"
"Écija, Sevilla","Sevilla","9213918","Ecija","Ecija,Andalusia,Spain","City"
"Íscar, Valladolid","Valladolid","9256908","Iscar","Iscar,Castile and Leon,Spain","Municipality"
"Ólvega, Soria","Soria","9220777","Olvega","Olvega,Castile and Leon,Spain","Municipality"
"Úbeda, Jaén","Jaén","9049229","Ubeda","Ubeda,Andalusia,Spain","City"
